{
    "title": "Masters of the Universe: Revolution",
    "plot": "Masters of the Universe: Revolution",
    "thumb": "https:\/\/m.media-amazon.com\/images\/M\/MV5BNWE0NDY3YTMtMDQ4NS00ZmFmLWJhNzQtMzZmNmE1OTY0ODhlXkEyXkFqcGc@._V1_FMjpg_UX1000_.jpg",
    "type": "crtane-serije",
    "created_at": "2025-05-26 16:07:04",
    "year": 2024,
    "seasons": {
        "1": {
            "title": "Sezona 1",
            "episodes": [
                {
                    "episode_number": 1,
                    "title": "Epizoda 1",
                    "link_groups": {
                        "glavni": [
                            "https:\/\/www.file-upload.org\/8f1z0ebrlc1r"
                        ],
                        "alternativni_1": [],
                        "alternativni_2": []
                    }
                },
                {
                    "episode_number": 2,
                    "title": "Epizoda 2",
                    "link_groups": {
                        "glavni": [
                            "https:\/\/www.file-upload.org\/nifz9y3zj3ke"
                        ],
                        "alternativni_1": [],
                        "alternativni_2": []
                    }
                },
                {
                    "episode_number": 3,
                    "title": "Epizoda 3",
                    "link_groups": {
                        "glavni": [
                            "https:\/\/www.file-upload.org\/mk7bj2oihtxs"
                        ],
                        "alternativni_1": [],
                        "alternativni_2": []
                    }
                },
                {
                    "episode_number": 4,
                    "title": "Epizoda 4",
                    "link_groups": {
                        "glavni": [
                            "https:\/\/www.file-upload.org\/43c1ndnc2e8n"
                        ],
                        "alternativni_1": [],
                        "alternativni_2": []
                    }
                },
                {
                    "episode_number": 5,
                    "title": "Epizoda 5",
                    "link_groups": {
                        "glavni": [
                            "https:\/\/www.file-upload.org\/tz9sta8ztwj8"
                        ],
                        "alternativni_1": [],
                        "alternativni_2": []
                    }
                }
            ]
        }
    }
}