{
    "title": "The SpongeBob Movie: Search for SquarePants",
    "plot": "The SpongeBob Movie: Search for SquarePants",
    "thumb": "https:\/\/m.media-amazon.com\/images\/M\/MV5BYzdlYmM2YmEtMmQ3Zi00ZjAxLTg2ZjctNzU3NDVkY2RiOTBjXkEyXkFqcGc@._V1_QL75_UX190_CR0,0,190,281_.jpg",
    "type": "crtani-filmovi",
    "created_at": "2026-01-24 00:25:48",
    "year": 2025,
    "link_groups": {
        "glavni": "https:\/\/www.mp4upload.com\/x8u52ghnjsxl",
        "alternativni_1": "https:\/\/1uploadflix.net\/62ex49zitm9d",
        "alternativni_2": "https:\/\/srbe84.vidplayer.live\/#xl5ll"
    },
    "last_updated": "2026-01-24 12:58:31"
}