{
    "title": "Paddington in Peru",
    "plot": "Paddington in Peru",
    "thumb": "https:\/\/s3.amazonaws.com\/nightjarprod\/content\/uploads\/sites\/130\/2025\/02\/03190714\/rzfqeLdHIysJGrspMICyedpqDqt-scaled.jpg",
    "type": "crtani-filmovi",
    "created_at": "2025-10-18 23:30:47",
    "year": 2025,
    "link_groups": {
        "glavni": "https:\/\/www.file-upload.org\/sjogsxde1xnd",
        "alternativni_1": "https:\/\/listeamed.net\/e\/4bQVOjRzreXOwKm\/PaddingtoninPeru2025.mkv",
        "alternativni_2": "https:\/\/srbe84.vidplayer.live\/#jxd9r"
    }
}