{
    "title": "Rick and Morty",
    "plot": "Rick and Morty",
    "thumb": "https:\/\/m.media-amazon.com\/images\/M\/MV5BZGQyZjk2MzMtMTcyNC00NGU3LTlmNjItNDExMWM4ZDFhYmQ2XkEyXkFqcGc@._V1_FMjpg_UX1000_.jpg",
    "type": "crtane-serije",
    "created_at": "2025-06-11 19:03:49",
    "is_ongoing": true,
    "year_info": 2013,
    "seasons": {
        "1": {
            "title": "Sezona 1",
            "episodes": [
                {
                    "episode_number": 1,
                    "title": "Epizoda 1",
                    "link_groups": {
                        "glavni": [
                            "https:\/\/www.file-upload.org\/mb10d7oebjqr"
                        ],
                        "alternativni_1": [
                            "https:\/\/listeamed.net\/e\/wP2050rMo7lEdmy\/S01E01.mp4"
                        ],
                        "alternativni_2": []
                    }
                },
                {
                    "episode_number": 2,
                    "title": "Epizoda 2",
                    "link_groups": {
                        "glavni": [
                            "https:\/\/www.file-upload.org\/ldloe2acso8o"
                        ],
                        "alternativni_1": [
                            "https:\/\/listeamed.net\/e\/qL0YEyw8vLK5DRX\/S01E02.mp4"
                        ],
                        "alternativni_2": []
                    }
                },
                {
                    "episode_number": 3,
                    "title": "Epizoda 3",
                    "link_groups": {
                        "glavni": [
                            "https:\/\/www.file-upload.org\/o9odtcvbbtng"
                        ],
                        "alternativni_1": [
                            "https:\/\/listeamed.net\/e\/LQm9OXZBw3Px1lg\/S01E03.mp4"
                        ],
                        "alternativni_2": []
                    }
                },
                {
                    "episode_number": 4,
                    "title": "Epizoda 4",
                    "link_groups": {
                        "glavni": [
                            "https:\/\/www.file-upload.org\/qzmq7h5wl9my"
                        ],
                        "alternativni_1": [
                            "https:\/\/listeamed.net\/e\/g9Vd5J6omlp5qQj\/S01E04.mp4"
                        ],
                        "alternativni_2": []
                    }
                },
                {
                    "episode_number": 5,
                    "title": "Epizoda 5",
                    "link_groups": {
                        "glavni": [
                            "https:\/\/www.file-upload.org\/3eurp6nrxudz"
                        ],
                        "alternativni_1": [
                            "https:\/\/listeamed.net\/e\/pVa4E8Ry8A75kzM\/S01E05.mp4"
                        ],
                        "alternativni_2": []
                    }
                },
                {
                    "episode_number": 6,
                    "title": "Epizoda 6",
                    "link_groups": {
                        "glavni": [
                            "https:\/\/www.file-upload.org\/m8uoo5unkg0l"
                        ],
                        "alternativni_1": [
                            "https:\/\/listeamed.net\/e\/PlBVEZkPJQLODv9\/S01E06.mp4"
                        ],
                        "alternativni_2": []
                    }
                },
                {
                    "episode_number": 7,
                    "title": "Epizoda 7",
                    "link_groups": {
                        "glavni": [
                            "https:\/\/www.file-upload.org\/v00k5lblo646"
                        ],
                        "alternativni_1": [
                            "https:\/\/listeamed.net\/e\/3Q0lxBq1YlV5j1J\/S01E07.mp4"
                        ],
                        "alternativni_2": []
                    }
                },
                {
                    "episode_number": 8,
                    "title": "Epizoda 8",
                    "link_groups": {
                        "glavni": [
                            "https:\/\/www.file-upload.org\/znierjhwlpe9"
                        ],
                        "alternativni_1": [
                            "https:\/\/listeamed.net\/e\/ZMVoEroLG3NO9Pa\/S01E08.mp4"
                        ],
                        "alternativni_2": []
                    }
                },
                {
                    "episode_number": 9,
                    "title": "Epizoda 9",
                    "link_groups": {
                        "glavni": [
                            "https:\/\/www.file-upload.org\/4k44hgsngcl7"
                        ],
                        "alternativni_1": [
                            "https:\/\/listeamed.net\/e\/7QWN5ej7nDKx9oR\/S01E09.mp4"
                        ],
                        "alternativni_2": []
                    }
                },
                {
                    "episode_number": 10,
                    "title": "Epizoda 10",
                    "link_groups": {
                        "glavni": [
                            "https:\/\/www.file-upload.org\/vt5ul23y88a9"
                        ],
                        "alternativni_1": [
                            "https:\/\/listeamed.net\/e\/qA3WOmJ1BZ35Kkz\/S01E10.mp4"
                        ],
                        "alternativni_2": []
                    }
                },
                {
                    "episode_number": 11,
                    "title": "Epizoda 11",
                    "link_groups": {
                        "glavni": [
                            "https:\/\/www.file-upload.org\/5wxb0xpmnask"
                        ],
                        "alternativni_1": [
                            "https:\/\/listeamed.net\/e\/VqbX53pva2axQzp\/S01E11.mp4"
                        ],
                        "alternativni_2": []
                    }
                }
            ]
        },
        "2": {
            "title": "Sezona 2",
            "episodes": [
                {
                    "episode_number": 1,
                    "title": "Epizoda 1",
                    "link_groups": {
                        "glavni": [
                            "https:\/\/www.file-upload.org\/seqkb5sllasi"
                        ],
                        "alternativni_1": [
                            "https:\/\/listeamed.net\/e\/qA3WOmJ1BN35Kkz\/S02E01.mp4"
                        ],
                        "alternativni_2": []
                    }
                },
                {
                    "episode_number": 2,
                    "title": "Epizoda 2",
                    "link_groups": {
                        "glavni": [
                            "https:\/\/www.file-upload.org\/m6zx09h20i6u"
                        ],
                        "alternativni_1": [
                            "https:\/\/listeamed.net\/e\/qM1VOP9gLQM5o4k\/S02E02.mp4"
                        ],
                        "alternativni_2": []
                    }
                },
                {
                    "episode_number": 3,
                    "title": "Epizoda 3",
                    "link_groups": {
                        "glavni": [
                            "https:\/\/www.file-upload.org\/2acszhg1riar"
                        ],
                        "alternativni_1": [
                            "https:\/\/listeamed.net\/e\/PlBVEZkPJ30ODv9\/S02E03.mp4"
                        ],
                        "alternativni_2": []
                    }
                },
                {
                    "episode_number": 4,
                    "title": "Epizoda 4",
                    "link_groups": {
                        "glavni": [
                            "https:\/\/www.file-upload.org\/fogkm3r1lstm"
                        ],
                        "alternativni_1": [
                            "https:\/\/listeamed.net\/e\/4bQVOjJqZa3OwKm\/S02E04.mp4"
                        ],
                        "alternativni_2": []
                    }
                },
                {
                    "episode_number": 5,
                    "title": "Epizoda 5",
                    "link_groups": {
                        "glavni": [
                            "https:\/\/www.file-upload.org\/vna2lta1lneu"
                        ],
                        "alternativni_1": [
                            "https:\/\/listeamed.net\/e\/VqbX53pvaAGxQzp\/S02E05.mp4"
                        ],
                        "alternativni_2": []
                    }
                },
                {
                    "episode_number": 6,
                    "title": "Epizoda 6",
                    "link_groups": {
                        "glavni": [
                            "https:\/\/www.file-upload.org\/734txl4xqm06"
                        ],
                        "alternativni_1": [
                            "https:\/\/listeamed.net\/e\/3Q0lxBq1YMm5j1J\/S02E06.mp4"
                        ],
                        "alternativni_2": []
                    }
                },
                {
                    "episode_number": 7,
                    "title": "Epizoda 7",
                    "link_groups": {
                        "glavni": [
                            "https:\/\/www.file-upload.org\/iee5t2vut44x"
                        ],
                        "alternativni_1": [
                            "https:\/\/listeamed.net\/e\/MAlwEMe0Mw4EJ39\/S02E07.mp4"
                        ],
                        "alternativni_2": []
                    }
                },
                {
                    "episode_number": 8,
                    "title": "Epizoda 8",
                    "link_groups": {
                        "glavni": [
                            "https:\/\/www.file-upload.org\/f0a0gf5ivjv1"
                        ],
                        "alternativni_1": [
                            "https:\/\/listeamed.net\/e\/edVqE4MRJA1OYWm\/S02E08.mp4"
                        ],
                        "alternativni_2": []
                    }
                },
                {
                    "episode_number": 9,
                    "title": "Epizoda 9",
                    "link_groups": {
                        "glavni": [
                            "https:\/\/www.file-upload.org\/vsxhimv892ew"
                        ],
                        "alternativni_1": [
                            "https:\/\/listeamed.net\/e\/mMq75L6JG2wEXPB\/S02E09.mp4"
                        ],
                        "alternativni_2": []
                    }
                },
                {
                    "episode_number": 10,
                    "title": "Epizoda 10",
                    "link_groups": {
                        "glavni": [
                            "https:\/\/www.file-upload.org\/bc4o5c1cq919"
                        ],
                        "alternativni_1": [
                            "https:\/\/listeamed.net\/e\/e028E6la0Aw5YAv\/S02E10.mp4"
                        ],
                        "alternativni_2": []
                    }
                }
            ]
        },
        "3": {
            "title": "Sezona 3",
            "episodes": [
                {
                    "episode_number": 1,
                    "title": "Epizoda 1",
                    "link_groups": {
                        "glavni": [
                            "https:\/\/www.file-upload.org\/kzo4zzv5xlud"
                        ],
                        "alternativni_1": [
                            "https:\/\/listeamed.net\/e\/JzkPxzw6bMrEbyd\/S03E01.mp4"
                        ],
                        "alternativni_2": []
                    }
                },
                {
                    "episode_number": 2,
                    "title": "Epizoda 2",
                    "link_groups": {
                        "glavni": [
                            "https:\/\/www.file-upload.org\/lf8cp5kti1px"
                        ],
                        "alternativni_1": [
                            "https:\/\/listeamed.net\/e\/eL2157MXyAqErw4\/S03E02.mp4"
                        ],
                        "alternativni_2": []
                    }
                },
                {
                    "episode_number": 3,
                    "title": "Epizoda 3",
                    "link_groups": {
                        "glavni": [
                            "https:\/\/www.file-upload.org\/vig1xwwiodf4"
                        ],
                        "alternativni_1": [
                            "https:\/\/listeamed.net\/e\/KNWlEDWmZenxkbp\/S03E03.mp4"
                        ],
                        "alternativni_2": []
                    }
                },
                {
                    "episode_number": 4,
                    "title": "Epizoda 4",
                    "link_groups": {
                        "glavni": [
                            "https:\/\/www.file-upload.org\/jgecvgt2ilbg"
                        ],
                        "alternativni_1": [
                            "https:\/\/listeamed.net\/e\/nyg9EKGwPojEbk4\/S03E04.mp4"
                        ],
                        "alternativni_2": []
                    }
                },
                {
                    "episode_number": 5,
                    "title": "Epizoda 5",
                    "link_groups": {
                        "glavni": [
                            "https:\/\/www.file-upload.org\/hp4ezu183qy9"
                        ],
                        "alternativni_1": [
                            "https:\/\/listeamed.net\/e\/k3gG5qL4PZAO1N2\/S03E05.mp4"
                        ],
                        "alternativni_2": []
                    }
                },
                {
                    "episode_number": 6,
                    "title": "Epizoda 6",
                    "link_groups": {
                        "glavni": [
                            "https:\/\/www.file-upload.org\/ues3tnbmvdqg"
                        ],
                        "alternativni_1": [
                            "https:\/\/listeamed.net\/e\/8lKQxYj3arPEDGY\/S03E06.mp4"
                        ],
                        "alternativni_2": []
                    }
                },
                {
                    "episode_number": 7,
                    "title": "Epizoda 7",
                    "link_groups": {
                        "glavni": [
                            "https:\/\/www.file-upload.org\/47k9wibcgfgj"
                        ],
                        "alternativni_1": [
                            "https:\/\/listeamed.net\/e\/rabVOQmN90NOKdW\/S03E07.mp4"
                        ],
                        "alternativni_2": []
                    }
                },
                {
                    "episode_number": 8,
                    "title": "Epizoda 8",
                    "link_groups": {
                        "glavni": [
                            "https:\/\/www.file-upload.org\/2f9zsqzzlvsp"
                        ],
                        "alternativni_1": [
                            "https:\/\/listeamed.net\/e\/KrdZ5kPVjJjxmX4\/S03E08.mp4"
                        ],
                        "alternativni_2": []
                    }
                },
                {
                    "episode_number": 9,
                    "title": "Epizoda 9",
                    "link_groups": {
                        "glavni": [
                            "https:\/\/www.file-upload.org\/j38g307lqb32"
                        ],
                        "alternativni_1": [
                            "https:\/\/listeamed.net\/e\/QNB7xA3ZKGYO0WG\/S03E09.mp4"
                        ],
                        "alternativni_2": []
                    }
                },
                {
                    "episode_number": 10,
                    "title": "Epizoda 10",
                    "link_groups": {
                        "glavni": [
                            "https:\/\/www.file-upload.org\/sendoerape0o"
                        ],
                        "alternativni_1": [
                            "https:\/\/listeamed.net\/e\/YWA8E94lQXoxGmM\/S03E10.mp4"
                        ],
                        "alternativni_2": []
                    }
                }
            ]
        },
        "4": {
            "title": "Sezona 4",
            "episodes": [
                {
                    "episode_number": 1,
                    "title": "Epizoda 1",
                    "link_groups": {
                        "glavni": [
                            "https:\/\/www.file-upload.org\/q20gvwmeo1rb"
                        ],
                        "alternativni_1": [
                            "https:\/\/listeamed.net\/e\/vQBYEbpXgmR5n1m\/S04E01.mp4"
                        ],
                        "alternativni_2": []
                    }
                },
                {
                    "episode_number": 2,
                    "title": "Epizoda 2",
                    "link_groups": {
                        "glavni": [
                            "https:\/\/www.file-upload.org\/k030an19m2b9"
                        ],
                        "alternativni_1": [
                            "https:\/\/listeamed.net\/e\/l4vexvzwL8yx8B9\/S04E02.mp4"
                        ],
                        "alternativni_2": []
                    }
                },
                {
                    "episode_number": 3,
                    "title": "Epizoda 3",
                    "link_groups": {
                        "glavni": [
                            "https:\/\/www.file-upload.org\/n40nxbo688ks"
                        ],
                        "alternativni_1": [
                            "https:\/\/listeamed.net\/e\/m7WJxgBnKe95Bze\/S04E03.mp4"
                        ],
                        "alternativni_2": []
                    }
                },
                {
                    "episode_number": 4,
                    "title": "Epizoda 4",
                    "link_groups": {
                        "glavni": [
                            "https:\/\/www.file-upload.org\/9d0c9fgsioot"
                        ],
                        "alternativni_1": [
                            "https:\/\/listeamed.net\/e\/eL2157MXyaqErw4\/S04E04.mp4"
                        ],
                        "alternativni_2": []
                    }
                },
                {
                    "episode_number": 5,
                    "title": "Epizoda 5",
                    "link_groups": {
                        "glavni": [
                            "https:\/\/www.file-upload.org\/w79jdd89wm6y"
                        ],
                        "alternativni_1": [
                            "https:\/\/listeamed.net\/e\/27BaOnMrQo0EMDX\/S04E05.mp4"
                        ],
                        "alternativni_2": []
                    }
                },
                {
                    "episode_number": 6,
                    "title": "Epizoda 6",
                    "link_groups": {
                        "glavni": [
                            "https:\/\/www.file-upload.org\/ik81nsidfdim"
                        ],
                        "alternativni_1": [
                            "https:\/\/listeamed.net\/e\/JzkPxzw6b7rEbyd\/S04E06.mp4"
                        ],
                        "alternativni_2": []
                    }
                },
                {
                    "episode_number": 7,
                    "title": "Epizoda 7",
                    "link_groups": {
                        "glavni": [
                            "https:\/\/www.file-upload.org\/db3ic15oakwv"
                        ],
                        "alternativni_1": [
                            "https:\/\/listeamed.net\/e\/8ozgENe84vZxmjA\/S04E07.mp4"
                        ],
                        "alternativni_2": []
                    }
                },
                {
                    "episode_number": 8,
                    "title": "Epizoda 8",
                    "link_groups": {
                        "glavni": [
                            "https:\/\/www.file-upload.org\/loocdx8ezzhr"
                        ],
                        "alternativni_1": [
                            "https:\/\/listeamed.net\/e\/8lKQxYj3a8PEDGY\/S04E08.mp4"
                        ],
                        "alternativni_2": []
                    }
                },
                {
                    "episode_number": 9,
                    "title": "Epizoda 9",
                    "link_groups": {
                        "glavni": [
                            "https:\/\/www.file-upload.org\/2tpz44ppxnfy"
                        ],
                        "alternativni_1": [
                            "https:\/\/listeamed.net\/e\/KrdZ5kPVjvjxmX4\/S04E09.mp4"
                        ],
                        "alternativni_2": []
                    }
                },
                {
                    "episode_number": 10,
                    "title": "Epizoda 10",
                    "link_groups": {
                        "glavni": [
                            "https:\/\/www.file-upload.org\/9nrlyvkj5apm"
                        ],
                        "alternativni_1": [
                            "https:\/\/listeamed.net\/e\/mMq75L6JGv7EXPB\/S04E10.mp4"
                        ],
                        "alternativni_2": []
                    }
                }
            ]
        },
        "5": {
            "title": "Sezona 5",
            "episodes": [
                {
                    "episode_number": 1,
                    "title": "Epizoda 1",
                    "link_groups": {
                        "glavni": [
                            "https:\/\/www.file-upload.org\/vlatym4tti1n"
                        ],
                        "alternativni_1": [
                            "https:\/\/listeamed.net\/e\/YWA8E94lQqkxGmM\/S05E01.mp4"
                        ],
                        "alternativni_2": []
                    }
                },
                {
                    "episode_number": 2,
                    "title": "Epizoda 2",
                    "link_groups": {
                        "glavni": [
                            "https:\/\/www.file-upload.org\/kcfjtlz5oov2"
                        ],
                        "alternativni_1": [
                            "https:\/\/listeamed.net\/e\/NMRLEpWGmalxXaG\/S05E02.mp4"
                        ],
                        "alternativni_2": []
                    }
                },
                {
                    "episode_number": 3,
                    "title": "Epizoda 3",
                    "link_groups": {
                        "glavni": [
                            "https:\/\/www.file-upload.org\/s3vkodee6xnx"
                        ],
                        "alternativni_1": [
                            "https:\/\/listeamed.net\/e\/qL0YEyw8vgv5DRX\/S05E03.mp4"
                        ],
                        "alternativni_2": []
                    }
                },
                {
                    "episode_number": 4,
                    "title": "Epizoda 4",
                    "link_groups": {
                        "glavni": [
                            "https:\/\/www.file-upload.org\/j02t6wm2fdih"
                        ],
                        "alternativni_1": [
                            "https:\/\/listeamed.net\/e\/dNjgOlAZ1Rk59Wn\/S05E04.mp4"
                        ],
                        "alternativni_2": []
                    }
                },
                {
                    "episode_number": 5,
                    "title": "Epizoda 5",
                    "link_groups": {
                        "glavni": [
                            "https:\/\/www.file-upload.org\/cx0xq29x5uev"
                        ],
                        "alternativni_1": [
                            "https:\/\/listeamed.net\/e\/eL2157MXyqRErw4\/S05E05.mp4"
                        ],
                        "alternativni_2": []
                    }
                },
                {
                    "episode_number": 6,
                    "title": "Epizoda 6",
                    "link_groups": {
                        "glavni": [
                            "https:\/\/www.file-upload.org\/6eesded20njz"
                        ],
                        "alternativni_1": [
                            "https:\/\/listeamed.net\/e\/nyg9EKGwPb6Ebk4\/S05E06.mp4"
                        ],
                        "alternativni_2": []
                    }
                },
                {
                    "episode_number": 7,
                    "title": "Epizoda 7",
                    "link_groups": {
                        "glavni": [
                            "https:\/\/www.file-upload.org\/5a9gr42foxng"
                        ],
                        "alternativni_1": [
                            "https:\/\/listeamed.net\/e\/e028E6la0qy5YAv\/S05E07.mp4"
                        ],
                        "alternativni_2": []
                    }
                },
                {
                    "episode_number": 8,
                    "title": "Epizoda 8",
                    "link_groups": {
                        "glavni": [
                            "https:\/\/www.file-upload.org\/doezmcl3mbsm"
                        ],
                        "alternativni_1": [
                            "https:\/\/listeamed.net\/e\/KrdZ5kPVjRmxmX4\/S05E08.mp4"
                        ],
                        "alternativni_2": []
                    }
                },
                {
                    "episode_number": 9,
                    "title": "Epizoda 9",
                    "link_groups": {
                        "glavni": [
                            "https:\/\/www.file-upload.org\/nl8j68gbwitx"
                        ],
                        "alternativni_1": [
                            "https:\/\/listeamed.net\/e\/8lKQxYj3ad4EDGY\/S05E09.mp4"
                        ],
                        "alternativni_2": []
                    }
                },
                {
                    "episode_number": 10,
                    "title": "Epizoda 10",
                    "link_groups": {
                        "glavni": [
                            "https:\/\/www.file-upload.org\/kxmnsq9t39gb"
                        ],
                        "alternativni_1": [
                            "https:\/\/listeamed.net\/e\/7QWN5ej7neWx9oR\/S05E10.mp4"
                        ],
                        "alternativni_2": []
                    }
                }
            ]
        },
        "6": {
            "title": "Sezona 6",
            "episodes": [
                {
                    "episode_number": 1,
                    "title": "Epizoda 1",
                    "link_groups": {
                        "glavni": [
                            "https:\/\/www.file-upload.org\/w2lxtupmr8qy"
                        ],
                        "alternativni_1": [
                            "https:\/\/listeamed.net\/e\/l4vexvzwL63x8B9\/S06E01.mp4"
                        ],
                        "alternativni_2": []
                    }
                },
                {
                    "episode_number": 2,
                    "title": "Epizoda 2",
                    "link_groups": {
                        "glavni": [
                            "https:\/\/www.file-upload.org\/55vjbzr74obk"
                        ],
                        "alternativni_1": [
                            "https:\/\/listeamed.net\/e\/vQBYEbpXgGm5n1m\/S06E02.mp4"
                        ],
                        "alternativni_2": []
                    }
                },
                {
                    "episode_number": 3,
                    "title": "Epizoda 3",
                    "link_groups": {
                        "glavni": [
                            "https:\/\/www.file-upload.org\/r0tjblghvoy9"
                        ],
                        "alternativni_1": [
                            "https:\/\/listeamed.net\/e\/g9Vd5J6omvA5qQj\/S06E03.mp4"
                        ],
                        "alternativni_2": []
                    }
                },
                {
                    "episode_number": 4,
                    "title": "Epizoda 4",
                    "link_groups": {
                        "glavni": [
                            "https:\/\/www.file-upload.org\/6gkboucv7i2c"
                        ],
                        "alternativni_1": [
                            "https:\/\/listeamed.net\/e\/6zeREaMa7PeEZPa\/S06E04.mp4"
                        ],
                        "alternativni_2": []
                    }
                },
                {
                    "episode_number": 5,
                    "title": "Epizoda 5",
                    "link_groups": {
                        "glavni": [
                            "https:\/\/www.file-upload.org\/hdlfcxfp6q6b"
                        ],
                        "alternativni_1": [
                            "https:\/\/listeamed.net\/e\/dNjgOlAZ1ok59Wn\/S06E05.mp4"
                        ],
                        "alternativni_2": []
                    }
                },
                {
                    "episode_number": 6,
                    "title": "Epizoda 6",
                    "link_groups": {
                        "glavni": [
                            "https:\/\/www.file-upload.org\/hy0oo65tja0u"
                        ],
                        "alternativni_1": [
                            "https:\/\/listeamed.net\/e\/pVa4E8Ry86g5kzM\/S06E06.mp4"
                        ],
                        "alternativni_2": []
                    }
                },
                {
                    "episode_number": 7,
                    "title": "Epizoda 7",
                    "link_groups": {
                        "glavni": [
                            "https:\/\/www.file-upload.org\/3682y6tihyf2"
                        ],
                        "alternativni_1": [
                            "https:\/\/listeamed.net\/e\/qL0YEyw8vZv5DRX\/S06E07.mp4"
                        ],
                        "alternativni_2": []
                    }
                },
                {
                    "episode_number": 8,
                    "title": "Epizoda 8",
                    "link_groups": {
                        "glavni": [
                            "https:\/\/www.file-upload.org\/dhj1o961j7ei"
                        ],
                        "alternativni_1": [
                            "https:\/\/listeamed.net\/e\/eL2157MXylRErw4\/S06E08.mp4"
                        ],
                        "alternativni_2": []
                    }
                },
                {
                    "episode_number": 9,
                    "title": "Epizoda 9",
                    "link_groups": {
                        "glavni": [
                            "https:\/\/www.file-upload.org\/1xtvdhjpgfva"
                        ],
                        "alternativni_1": [
                            "https:\/\/listeamed.net\/e\/m7WJxgBnK9n5Bze\/S06E09.mp4"
                        ],
                        "alternativni_2": []
                    }
                },
                {
                    "episode_number": 10,
                    "title": "Epizoda 10",
                    "link_groups": {
                        "glavni": [
                            "https:\/\/www.file-upload.org\/mzmap496rpgf"
                        ],
                        "alternativni_1": [
                            "https:\/\/listeamed.net\/e\/k3gG5qL4PVdO1N2\/S06E10.mp4"
                        ],
                        "alternativni_2": []
                    }
                }
            ]
        },
        "7": {
            "title": "Sezona 7",
            "episodes": [
                {
                    "episode_number": 1,
                    "title": "Epizoda 1",
                    "link_groups": {
                        "glavni": [
                            "https:\/\/www.file-upload.org\/khkfg2qnfepu"
                        ],
                        "alternativni_1": [
                            "https:\/\/listeamed.net\/e\/4bQVOjJqZnXOwKm\/S07E01.mp4"
                        ],
                        "alternativni_2": []
                    }
                },
                {
                    "episode_number": 2,
                    "title": "Epizoda 2",
                    "link_groups": {
                        "glavni": [
                            "https:\/\/www.file-upload.org\/gsuiarqtfvlw"
                        ],
                        "alternativni_1": [
                            "https:\/\/listeamed.net\/e\/qM1VOP9gL885o4k\/S07E02.mp4"
                        ],
                        "alternativni_2": []
                    }
                },
                {
                    "episode_number": 3,
                    "title": "Epizoda 3",
                    "link_groups": {
                        "glavni": [
                            "https:\/\/www.file-upload.org\/juychsxkv0qh"
                        ],
                        "alternativni_1": [
                            "https:\/\/listeamed.net\/e\/l4vexvzwLZAx8B9\/S07E03.mp4"
                        ],
                        "alternativni_2": []
                    }
                },
                {
                    "episode_number": 4,
                    "title": "Epizoda 4",
                    "link_groups": {
                        "glavni": [
                            "https:\/\/www.file-upload.org\/lth6xzm6zzi6"
                        ],
                        "alternativni_1": [
                            "https:\/\/listeamed.net\/e\/kKJVORKDp6153XD\/S07E04.mp4"
                        ],
                        "alternativni_2": []
                    }
                },
                {
                    "episode_number": 5,
                    "title": "Epizoda 5",
                    "link_groups": {
                        "glavni": [
                            "https:\/\/www.file-upload.org\/v10q133o36kj"
                        ],
                        "alternativni_1": [
                            "https:\/\/listeamed.net\/e\/PKN4OwzJ9VnEDLj\/S07E05.mp4"
                        ],
                        "alternativni_2": []
                    }
                },
                {
                    "episode_number": 6,
                    "title": "Epizoda 6",
                    "link_groups": {
                        "glavni": [
                            "https:\/\/www.file-upload.org\/0azna54wg6fg"
                        ],
                        "alternativni_1": [
                            "https:\/\/listeamed.net\/e\/ao9rxoJm3nm5yGe\/S07E06.mp4"
                        ],
                        "alternativni_2": []
                    }
                },
                {
                    "episode_number": 7,
                    "title": "Epizoda 7",
                    "link_groups": {
                        "glavni": [
                            "https:\/\/www.file-upload.org\/5akbaey3meec"
                        ],
                        "alternativni_1": [
                            "https:\/\/listeamed.net\/e\/b4ZJx2r9wYPx2P3\/S07E07.mp4"
                        ],
                        "alternativni_2": []
                    }
                },
                {
                    "episode_number": 8,
                    "title": "Epizoda 8",
                    "link_groups": {
                        "glavni": [
                            "https:\/\/www.file-upload.org\/qti3wpyeoehv"
                        ],
                        "alternativni_1": [
                            "https:\/\/listeamed.net\/e\/qL0YEyw8vqQ5DRX\/S07E08.mp4"
                        ],
                        "alternativni_2": []
                    }
                },
                {
                    "episode_number": 9,
                    "title": "Epizoda 9",
                    "link_groups": {
                        "glavni": [
                            "https:\/\/www.file-upload.org\/7w26qjjl5e3a"
                        ],
                        "alternativni_1": [
                            "https:\/\/listeamed.net\/e\/g9Vd5J6omV65qQj\/S07E09.mp4"
                        ],
                        "alternativni_2": []
                    }
                },
                {
                    "episode_number": 10,
                    "title": "Epizoda 10",
                    "link_groups": {
                        "glavni": [
                            "https:\/\/www.file-upload.org\/s0z9d3t6an6b"
                        ],
                        "alternativni_1": [
                            "https:\/\/listeamed.net\/e\/04rQxWdj2MpEb2N\/S07E10.mp4"
                        ],
                        "alternativni_2": []
                    }
                }
            ]
        },
        "8": {
            "title": "Sezona 8",
            "episodes": [
                {
                    "episode_number": 1,
                    "title": "Epizoda 1",
                    "link_groups": {
                        "glavni": [
                            "https:\/\/www.file-upload.org\/yh0sjvpcpxtl"
                        ],
                        "alternativni_1": [
                            "https:\/\/listeamed.net\/e\/4bQVOjJqZ6XOwKm\/S08E01.mp4"
                        ],
                        "alternativni_2": []
                    }
                },
                {
                    "episode_number": 2,
                    "title": "Epizoda 2",
                    "link_groups": {
                        "glavni": [
                            "https:\/\/www.file-upload.org\/doeals0966vr"
                        ],
                        "alternativni_1": [
                            "https:\/\/listeamed.net\/e\/P0poO1Le2YREz17\/S08E02.mp4"
                        ],
                        "alternativni_2": []
                    }
                },
                {
                    "episode_number": 3,
                    "title": "Epizoda 3",
                    "link_groups": {
                        "glavni": [
                            "https:\/\/www.file-upload.org\/8hpk9y7ykazv"
                        ],
                        "alternativni_1": [
                            "https:\/\/listeamed.net\/e\/3Q0lxBq1YAM5j1J\/S08E03.mp4"
                        ],
                        "alternativni_2": []
                    }
                }
            ]
        }
    }
}