{
    "title": "Good Fortune",
    "plot": "Good Fortune",
    "thumb": "https:\/\/m.media-amazon.com\/images\/M\/MV5BYjk3ZTgwZmUtOTVlMy00ODExLTkzMTUtYzRhM2FjNGYyMzZkXkEyXkFqcGc@._V1_.jpg",
    "type": "filmovi",
    "created_at": "2025-11-09 08:33:14",
    "year": 2025,
    "link_groups": {
        "glavni": "https:\/\/www.file-upload.org\/pgc7b6dutiu7",
        "alternativni_1": "https:\/\/listeamed.net\/e\/mMq75LDQKvY5XPB\/GoodFortune2025.mkv",
        "alternativni_2": "https:\/\/srbe84.vidplayer.live\/#stj5g"
    },
    "last_updated": "2025-11-10 11:43:06"
}