{
    "title": "Striking Rescue",
    "plot": "Striking Rescue",
    "thumb": "https:\/\/m.media-amazon.com\/images\/M\/MV5BYWIxNzdhNWQtNjAzYi00MTk4LTlmNTAtZDdiOGQ4ZWI0ZGU2XkEyXkFqcGc@._V1_.jpg",
    "type": "filmovi",
    "created_at": "2025-06-26 15:52:17",
    "year": 2024,
    "link_groups": {
        "glavni": "https:\/\/listeamed.net\/e\/NMRLEpoW1j9xXaG\/StrikingRescue2024.mkv",
        "alternativni_1": "https:\/\/listeamed.net\/e\/NMRLEpoW1j9xXaG\/StrikingRescue2024.mkv",
        "alternativni_2": ""
    }
}