{
    "title": "Stone Creek Killer",
    "plot": "Stone Creek Killer",
    "thumb": "https:\/\/m.media-amazon.com\/images\/M\/MV5BMmZhNTg5ODctNDQ4My00YmYzLTkyMmUtNzUzNTBmN2NjYzhiXkEyXkFqcGc@._V1_.jpg",
    "type": "filmovi",
    "created_at": "2025-12-05 22:33:28",
    "year": 2025,
    "link_groups": {
        "glavni": "https:\/\/www.mp4upload.com\/r01lhu36d3y3",
        "alternativni_1": "https:\/\/listeamed.net\/e\/rabVOQLA7rAEKdW\/StoneCreekKiller2025.mp4",
        "alternativni_2": "https:\/\/srbe84.vidplayer.live\/#oabrx"
    },
    "last_updated": "2025-12-05 23:00:30"
}