{
    "title": "Keeper",
    "plot": "Keeper",
    "thumb": "https:\/\/m.media-amazon.com\/images\/M\/MV5BYWEwYmY5NGYtOWFkNy00YTAxLWJmNzMtZWM0M2Y1NjcxMDMyXkEyXkFqcGc@._V1_.jpg",
    "type": "filmovi",
    "created_at": "2025-12-14 02:31:03",
    "year": 2025,
    "link_groups": {
        "glavni": "https:\/\/www.mp4upload.com\/jabf5sh63lgl",
        "alternativni_1": "https:\/\/1uploadflix.net\/bz966922bjsh",
        "alternativni_2": "https:\/\/srbe84.vidplayer.live\/#kpta6"
    },
    "last_updated": "2025-12-14 07:55:33"
}