{
    "title": "Beast of War",
    "plot": "Beast of War",
    "thumb": "https:\/\/m.media-amazon.com\/images\/M\/MV5BMjI0OGNiNGEtY2VmOC00NmYyLWE2NmMtMGE0ZmUwNTA0ZTRlXkEyXkFqcGc@._V1_FMjpg_UX1000_.jpg",
    "type": "filmovi",
    "created_at": "2025-10-13 20:00:52",
    "year": 2025,
    "link_groups": {
        "glavni": "https:\/\/www.file-upload.org\/dlso5wmjwp0p",
        "alternativni_1": "https:\/\/listeamed.net\/e\/KNWlED6lo0a5kbp\/BeastofWar2025.mkv",
        "alternativni_2": "https:\/\/srbe84.vidplayer.live\/#pq89y"
    },
    "last_updated": "2025-10-14 18:51:11"
}