{
    "title": "Notting Hill",
    "plot": "Notting Hill",
    "thumb": "https:\/\/m.media-amazon.com\/images\/M\/MV5BZjY3YWI5OTMtYTdlNy00ZTZiLWEwYjItN2M1MGVkMDM4ZDExXkEyXkFqcGc@._V1_FMjpg_UX1000_.jpg",
    "type": "filmovi",
    "created_at": "2025-10-24 21:09:49",
    "year": 1999,
    "link_groups": {
        "glavni": "https:\/\/www.file-upload.org\/mig92umdua90",
        "alternativni_1": "https:\/\/listeamed.net\/e\/ao9rxog8MAVxyGe\/NottingHill1999.mkv",
        "alternativni_2": "https:\/\/srbe84.vidplayer.live\/#f36i1"
    }
}