{
    "title": "Hierarchy",
    "plot": "Hierarchy",
    "thumb": "https:\/\/m.media-amazon.com\/images\/M\/MV5BZTQ1NDhkZDctYjg4Ni00OWNiLWE5MTAtMzIzZjgxMmE2MWZhXkEyXkFqcGc@._V1_FMjpg_UX1000_.jpg",
    "type": "filmovi",
    "created_at": "2025-10-30 23:23:34",
    "year": 2025,
    "link_groups": {
        "glavni": "https:\/\/www.file-upload.org\/onyoo95fsqps",
        "alternativni_1": "https:\/\/listeamed.net\/e\/NMRLEpowqjWxXaG\/Hierarchy2025.mkv",
        "alternativni_2": "https:\/\/srbe84.vidplayer.live\/#f3stk"
    },
    "last_updated": "2025-11-08 18:36:21"
}