{
    "title": "The Hand That Rocks the Cradle",
    "plot": "The Hand That Rocks the Cradle",
    "thumb": "https:\/\/m.media-amazon.com\/images\/M\/MV5BYWRhYzA1NDUtY2ExZC00MTQzLWE4MjYtMGJlODJkNTYwNzI5XkEyXkFqcGc@._V1_FMjpg_UX1000_.jpg",
    "type": "filmovi",
    "created_at": "2025-10-24 23:00:56",
    "year": 2025,
    "link_groups": {
        "glavni": "https:\/\/www.file-upload.org\/opfb7405ou6i",
        "alternativni_1": "https:\/\/listeamed.net\/e\/rabVOQL0qlKEKdW\/TheHandThatRocksTheCradle2025.mkv",
        "alternativni_2": "https:\/\/srbe84.vidplayer.live\/#51wmz"
    },
    "last_updated": "2025-10-24 23:07:40"
}