{
    "title": "Good Boy",
    "plot": "Good Boy",
    "thumb": "https:\/\/m.media-amazon.com\/images\/M\/MV5BYTIzZDk2NWYtNDA2YS00MWFhLWE1OTItNmVhMjMxNDE5NTk2XkEyXkFqcGc@._V1_.jpg",
    "type": "filmovi",
    "created_at": "2025-10-27 07:30:14",
    "year": 2025,
    "link_groups": {
        "glavni": "https:\/\/www.file-upload.org\/qoz0u288d3hh",
        "alternativni_1": "https:\/\/listeamed.net\/e\/b4ZJx2XAwX2O2P3\/GoodBoy2025.mkv",
        "alternativni_2": "https:\/\/srbe84.vidplayer.live\/#otrko"
    },
    "last_updated": "2025-11-08 18:29:53"
}