{
    "title": "Not Without Hope",
    "plot": "Not Without Hope",
    "thumb": "https:\/\/m.media-amazon.com\/images\/M\/MV5BNGRmYThiOGItYTdhNi00ZjUxLTgyMTktYzQwYjhkZmYyNTRlXkEyXkFqcGc@._V1_.jpg",
    "type": "filmovi",
    "created_at": "2026-01-09 00:36:51",
    "year": 2025,
    "link_groups": {
        "glavni": "https:\/\/www.mp4upload.com\/2ppz7j3q7c2v",
        "alternativni_1": "https:\/\/1uploadflix.net\/tkay3o8arc15",
        "alternativni_2": "https:\/\/srbe84.vidplayer.live\/#o55tv"
    }
}