{
    "title": "Alma and the Wolf",
    "plot": "Alma and the Wolf",
    "thumb": "https:\/\/m.media-amazon.com\/images\/M\/MV5BNTg0YjJiZTgtZWJkYS00ZGNlLTlmZmYtMTVjN2ZjY2I1MzFhXkEyXkFqcGc@._V1_FMjpg_UX1000_.jpg",
    "type": "filmovi",
    "created_at": "2025-06-29 08:44:47",
    "year": 2025,
    "link_groups": {
        "glavni": "https:\/\/www.file-upload.org\/860ugekq3wid",
        "alternativni_1": "https:\/\/listeamed.net\/e\/27BaOn77qJg5MDX\/AlmaAndTheWolf2025.mkv",
        "alternativni_2": ""
    },
    "last_updated": "2025-07-02 16:04:42"
}