{
    "title": "War of the Worlds 2: The Next Wave",
    "plot": "War of the Worlds 2: The Next Wave",
    "thumb": "https:\/\/m.media-amazon.com\/images\/M\/MV5BMTljY2MxNjgtOWM4Mi00NjAwLTk1ZGEtMWJjNWUxNjcyMWFiXkEyXkFqcGc@._V1_.jpg",
    "type": "filmovi",
    "created_at": "2025-07-07 16:17:37",
    "year": 2008,
    "link_groups": {
        "glavni": "https:\/\/www.file-upload.org\/hq6f6u6j81mq",
        "alternativni_1": "https:\/\/listeamed.net\/e\/PlBVEZe7JjwxDv9\/WarOfTheWorlds2TheNextWave2008.mkv",
        "alternativni_2": ""
    },
    "last_updated": "2025-07-08 22:27:07"
}