{
    "title": "Affinity",
    "plot": "Affinity",
    "thumb": "https:\/\/m.media-amazon.com\/images\/M\/MV5BODE1YTVlMWUtMmQ2NS00OGYwLTlkY2UtY2MzNzk1MzQ5NGQyXkEyXkFqcGc@._V1_FMjpg_UX1000_.jpg",
    "type": "filmovi",
    "created_at": "2025-10-13 19:59:50",
    "year": 2025,
    "link_groups": {
        "glavni": "https:\/\/www.file-upload.org\/x5lr9f2j465i",
        "alternativni_1": "https:\/\/listeamed.net\/e\/edVqE497nk0OYWm\/Affinity2025.mkv",
        "alternativni_2": "https:\/\/srbe84.vidplayer.live\/#jxe1q"
    },
    "last_updated": "2025-10-16 22:36:37"
}