{
    "title": "Anger Management",
    "plot": "Anger Management",
    "thumb": "https:\/\/m.media-amazon.com\/images\/M\/MV5BYjFmNjIyNmQtMDhmNS00NDNmLTk3YTQtM2YzMmJiMTI3MDMzXkEyXkFqcGc@._V1_FMjpg_UX1000_.jpg",
    "type": "filmovi",
    "created_at": "2025-09-11 14:25:10",
    "year": 2003,
    "link_groups": {
        "glavni": "https:\/\/www.file-upload.org\/l8c7on3ym7iu",
        "alternativni_1": "https:\/\/listeamed.net\/e\/g9Vd5J81ZvoEqQj\/AngerManagment2003.mkv",
        "alternativni_2": ""
    }
}