{
    "title": "The Cavern Crimes",
    "plot": "The Cavern Crimes",
    "thumb": "https:\/\/m.media-amazon.com\/images\/M\/MV5BZTM3OGM2MjUtMmNiYy00OTFjLThhNzAtMjhjMjE2ZDJiMzRmXkEyXkFqcGc@._V1_FMjpg_UX1000_.jpg",
    "type": "filmovi",
    "created_at": "2025-11-28 02:10:14",
    "year": 2025,
    "link_groups": {
        "glavni": "https:\/\/www.mp4upload.com\/cepu0rprz70c",
        "alternativni_1": "https:\/\/1uploadflix.net\/k2mhhiditifu",
        "alternativni_2": "https:\/\/srbe84.vidplayer.live\/#agdu"
    },
    "last_updated": "2025-12-14 02:21:50"
}