{
    "title": "The Greatest Showman",
    "plot": "The Greatest Showman",
    "thumb": "https:\/\/m.media-amazon.com\/images\/M\/MV5BMjI1NDYzNzY2Ml5BMl5BanBnXkFtZTgwODQwODczNTM@._V1_.jpg",
    "type": "filmovi",
    "created_at": "2025-06-12 21:56:19",
    "year": 2017,
    "link_groups": {
        "glavni": "https:\/\/www.file-upload.org\/wgyy9bdxplpz",
        "alternativni_1": "https:\/\/listeamed.net\/e\/Ro7kOVD0NqWxZWB\/TheGreatestShowman2017.mp4",
        "alternativni_2": ""
    },
    "last_updated": "2025-06-12 22:06:24"
}