{
    "title": "Gone Baby Gone",
    "plot": "Gone Baby Gone",
    "thumb": "https:\/\/m.media-amazon.com\/images\/M\/MV5BOTlmNmU2NDgtZDU1OS00OTFhLWJlNTgtMWE2OGQ1OTg1MGM4XkEyXkFqcGc@._V1_FMjpg_UX1000_.jpg",
    "type": "filmovi",
    "created_at": "2025-06-15 12:55:16",
    "year": 2007,
    "link_groups": {
        "glavni": "https:\/\/www.file-upload.org\/6k24y4a90pac",
        "alternativni_1": "https:\/\/listeamed.net\/e\/PlBVEZeVG3wxDv9\/GoneBabyGone2007.mkv",
        "alternativni_2": ""
    },
    "last_updated": "2025-06-15 13:09:00"
}