{
    "title": "Untamable Angelique",
    "plot": "Untamable Angelique",
    "thumb": "https:\/\/m.media-amazon.com\/images\/M\/MV5BZGFjMTQ4NjItNmIxNi00Y2VmLTk5NjUtMTZlZDlhMmIxMmRiXkEyXkFqcGc@._V1_QL75_UY207_CR7,0,140,207_.jpg",
    "type": "filmovi",
    "created_at": "2026-01-18 01:10:26",
    "year": 1967,
    "link_groups": {
        "glavni": "https:\/\/www.mp4upload.com\/bazyto31h16r",
        "alternativni_1": "https:\/\/1uploadflix.net\/tqpf6rc7am5a",
        "alternativni_2": "https:\/\/srbe84.vidplayer.live\/#hse5s"
    }
}