{
    "title": "The Housemaid",
    "plot": "The Housemaid",
    "thumb": "https:\/\/m.media-amazon.com\/images\/M\/MV5BMGU0ZThmMDUtYmZjMi00MDk5LWE2NTQtYzQ3NWZjNWZkZGE3XkEyXkFqcGc@._V1_FMjpg_UX1000_.jpg",
    "type": "filmovi",
    "created_at": "2026-02-04 01:15:37",
    "year": 2025,
    "link_groups": {
        "glavni": "https:\/\/www.mp4upload.com\/27dpfwiz46i2",
        "alternativni_1": "https:\/\/1uploadflix.net\/vv5hx3c6efvl",
        "alternativni_2": "https:\/\/vidnest.io\/eyi9szs98xip"
    },
    "last_updated": "2026-02-05 15:35:01"
}