{
    "title": "Bears on a Ship",
    "plot": "Bears on a Ship",
    "thumb": "https:\/\/m.media-amazon.com\/images\/M\/MV5BOTE3MWJlOTItNGNhMy00Nzk5LTkyMjctYjJmMzA3MDc5Yzk5XkEyXkFqcGc@._V1_FMjpg_UX1000_.jpg",
    "type": "filmovi",
    "created_at": "2026-01-25 09:14:42",
    "year": 2025,
    "link_groups": {
        "glavni": "https:\/\/www.mp4upload.com\/qzemhm0j4yxk",
        "alternativni_1": "https:\/\/1uploadflix.net\/5b75bjcuu552",
        "alternativni_2": "https:\/\/srbe84.vidplayer.live\/#fvmj8"
    }
}