{
    "title": "Alex Cross",
    "plot": "Alex Cross",
    "thumb": "https:\/\/m.media-amazon.com\/images\/M\/MV5BMjE1MDE0NjUyMV5BMl5BanBnXkFtZTcwNjQzNjg5Nw@@._V1_FMjpg_UX1000_.jpg",
    "type": "filmovi",
    "created_at": "2025-10-07 21:05:43",
    "year": 2012,
    "link_groups": {
        "glavni": "https:\/\/www.file-upload.org\/5ov6wbiyb4d8",
        "alternativni_1": "https:\/\/listeamed.net\/e\/l4vexvonog4E8B9\/AlexCross2012.mkv",
        "alternativni_2": "https:\/\/srbe84.vidplayer.live\/#ymj5f"
    },
    "last_updated": "2025-10-16 22:49:10"
}