{
    "title": "Witchboard",
    "plot": "Witchboard",
    "thumb": "https:\/\/m.media-amazon.com\/images\/M\/MV5BOTliNzk4ZWItYTkzZS00MGQzLWIzOGYtNjU5OTRkYjZkMzE1XkEyXkFqcGc@._V1_FMjpg_UX1000_.jpg",
    "type": "filmovi",
    "created_at": "2025-11-16 09:00:36",
    "year": 2024,
    "link_groups": {
        "glavni": "https:\/\/www.file-upload.org\/yl4zc8k8pq15",
        "alternativni_1": "https:\/\/listeamed.net\/e\/NMRLEpoqWlYxXaG\/Witchboard2024.mkv",
        "alternativni_2": "https:\/\/srbe84.vidplayer.live\/#9atcs"
    }
}