{
    "title": "The Great Flood",
    "plot": "The Great Flood",
    "thumb": "https:\/\/m.media-amazon.com\/images\/M\/MV5BZTVlYTJhNWQtZDdhMS00MjRhLWI3YWEtMDRkN2FhNTc3MWZlXkEyXkFqcGc@._V1_.jpg",
    "type": "filmovi",
    "created_at": "2026-01-01 13:54:57",
    "year": 2025,
    "link_groups": {
        "glavni": "https:\/\/www.mp4upload.com\/p1avxz47hhog",
        "alternativni_1": "https:\/\/1uploadflix.net\/lbwksvw1acou",
        "alternativni_2": "https:\/\/srbe84.vidplayer.live\/#xg8wj"
    }
}