{
    "title": "Gabby's Dollhouse: The Movie",
    "plot": "Gabby's Dollhouse: The Movie",
    "thumb": "https:\/\/m.media-amazon.com\/images\/M\/MV5BMmUwNTg3ODMtZGQxZi00Y2VmLWJhMTEtZTc5ZGM1Nzc5MDViXkEyXkFqcGc@._V1_.jpg",
    "type": "filmovi",
    "created_at": "2025-10-27 07:28:30",
    "year": 2025,
    "link_groups": {
        "glavni": "https:\/\/srbe84.vidplayer.live\/#8lea5",
        "alternativni_1": "https:\/\/listeamed.net\/e\/wP2050PAo3e5dmy\/GabbysDollhouseTheMovie2025.mkv",
        "alternativni_2": "https:\/\/srbe84.vidplayer.live\/#8lea5"
    }
}