{
    "title": "The Long Walk",
    "plot": "The Long Walk",
    "thumb": "https:\/\/m.media-amazon.com\/images\/M\/MV5BNmE4YmIxNWQtMzJhMy00NDI5LWFmYjEtMGYyMmFhNzdjODVmXkEyXkFqcGc@._V1_.jpg",
    "type": "filmovi",
    "created_at": "2025-10-25 09:37:35",
    "year": 2025,
    "link_groups": {
        "glavni": "https:\/\/www.file-upload.org\/79wan5n1sokh",
        "alternativni_1": "https:\/\/listeamed.net\/e\/4bQVOjRaVydOwKm\/TheLongWalk2025.mkv",
        "alternativni_2": "https:\/\/srbe84.vidplayer.live\/#i5lpl"
    },
    "last_updated": "2025-10-25 09:49:38"
}