{
    "title": "Xeno",
    "plot": "Xeno",
    "thumb": "https:\/\/m.media-amazon.com\/images\/M\/MV5BMTdkODIzYmUtNWJhMS00NWQyLWEyYTEtMmUyMWY0YWM4Yzg4XkEyXkFqcGc@._V1_FMjpg_UX1000_.jpg",
    "type": "filmovi",
    "created_at": "2025-10-27 07:27:10",
    "year": 2025,
    "link_groups": {
        "glavni": "https:\/\/srbe84.vidplayer.live\/#f3djz",
        "alternativni_1": "https:\/\/listeamed.net\/e\/KNWlED6eZoR5kbp\/Xeno2025.mkv",
        "alternativni_2": "https:\/\/srbe84.vidplayer.live\/#f3djz"
    }
}