{
    "title": "The Old Woman with the Knife",
    "plot": "The Old Woman with the Knife",
    "thumb": "https:\/\/m.media-amazon.com\/images\/M\/MV5BZGJjZGVkN2MtNWI2Zi00NzE3LThmNjUtOGZjNzVkNjc0NWY3XkEyXkFqcGc@._V1_.jpg",
    "type": "filmovi",
    "created_at": "2025-12-08 01:02:25",
    "year": 2025,
    "link_groups": {
        "glavni": "https:\/\/www.mp4upload.com\/cp2w7yyvnuo7",
        "alternativni_1": "https:\/\/listeamed.net\/e\/6zeREa1X1RrEZPa\/TheOldWomanWithTheKnife2025.mp4",
        "alternativni_2": "https:\/\/srbe84.vidplayer.live\/#mqvlk"
    }
}