{
    "title": "The Long Game",
    "plot": "The Long Game",
    "thumb": "https:\/\/m.media-amazon.com\/images\/M\/MV5BZDgyM2IzNjMtN2IyMS00NDZiLThlOGQtMWVkNGUzYTBjNzY5XkEyXkFqcGc@._V1_.jpg",
    "type": "filmovi",
    "created_at": "2026-01-14 10:53:15",
    "year": 2024,
    "link_groups": {
        "glavni": "https:\/\/www.mp4upload.com\/2xc0yp8fye2m",
        "alternativni_1": "https:\/\/1uploadflix.net\/1qycmk2svzix",
        "alternativni_2": "https:\/\/srbe84.vidplayer.live\/#lbaca"
    },
    "last_updated": "2026-01-14 10:55:06"
}