{
    "title": "The Hunting Party",
    "plot": "The Hunting Party",
    "thumb": "https:\/\/m.media-amazon.com\/images\/M\/MV5BNTQ0OTA5NzgxMV5BMl5BanBnXkFtZTcwODc4OTM1MQ@@._V1_FMjpg_UX1000_.jpg",
    "type": "filmovi",
    "created_at": "2026-01-09 23:26:10",
    "year": 2007,
    "link_groups": {
        "glavni": "https:\/\/www.mp4upload.com\/tsd5tm91zkl3",
        "alternativni_1": "https:\/\/1uploadflix.net\/eyfy1gwtl5ck",
        "alternativni_2": "https:\/\/srbe84.vidplayer.live\/#yxatl"
    }
}