{
    "title": "Mesrine: Public Enemy No. 1",
    "plot": "Mesrine: Public Enemy No. 1",
    "thumb": "https:\/\/m.media-amazon.com\/images\/M\/MV5BM2VmZmJjMzAtMjA3Yy00ZDQ3LWIwMjctMGM4ZDIyZjljYTMyXkEyXkFqcGc@._V1_.jpg",
    "type": "filmovi",
    "created_at": "2025-07-16 02:12:31",
    "year": 2008,
    "link_groups": {
        "glavni": "https:\/\/www.file-upload.org\/zv9kd3xw9bm3",
        "alternativni_1": "https:\/\/listeamed.net\/e\/KNWlED61rWv5kbp\/MesrinePart2PublicEnemy12008.mkv",
        "alternativni_2": ""
    },
    "last_updated": "2025-07-16 02:20:51"
}