{
    "title": "Tron",
    "plot": "Tron",
    "thumb": "https:\/\/m.media-amazon.com\/images\/M\/MV5BOTdlZTgxZTAtMTM4ZC00YjM2LTgwZGUtNzRiMzMxNGJiYzUwXkEyXkFqcGc@._V1_FMjpg_UX1000_.jpg",
    "type": "filmovi",
    "created_at": "2025-10-13 19:51:55",
    "year": 1982,
    "link_groups": {
        "glavni": "https:\/\/www.file-upload.org\/vsio9731sndq",
        "alternativni_1": "https:\/\/listeamed.net\/e\/g9Vd5J8l1noEqQj\/Tron1982.mkv",
        "alternativni_2": "https:\/\/srbe84.vidplayer.live\/#opurf"
    },
    "last_updated": "2025-10-16 22:44:05"
}