{
    "title": "The Naked Gun",
    "plot": "The Naked Gun",
    "thumb": "https:\/\/m.media-amazon.com\/images\/M\/MV5BNGFlNDhkNzItZjgxNC00OGYzLWFjZDAtZTJmNDY5ZmEyZDc0XkEyXkFqcGc@._V1_FMjpg_UX1000_.jpg",
    "type": "filmovi",
    "created_at": "2025-09-07 20:47:39",
    "year": 2025,
    "link_groups": {
        "glavni": "https:\/\/www.file-upload.org\/ahhjo6362s2t",
        "alternativni_1": "https:\/\/listeamed.net\/e\/VqbX53LnZBqxQzp\/TheNakedGun2025.mkv",
        "alternativni_2": ""
    },
    "last_updated": "2025-09-09 17:21:31"
}