{
    "title": "Ballad of a Small Player",
    "plot": "Ballad of a Small Player",
    "thumb": "https:\/\/m.media-amazon.com\/images\/M\/MV5BMWZhYzE5ODctNTUwYi00ZGE3LTliNTgtZTNkYjcxZWMxMWJjXkEyXkFqcGc@._V1_.jpg",
    "type": "filmovi",
    "created_at": "2025-10-31 14:19:59",
    "year": 2025,
    "link_groups": {
        "glavni": "https:\/\/srbe84.vidplayer.live\/#uhj6l",
        "alternativni_1": "https:\/\/listeamed.net\/e\/nyg9EK6p9baxbk4\/BalladofaSmallPlayer2025.mkv",
        "alternativni_2": "https:\/\/srbe84.vidplayer.live\/#uhj6l"
    }
}