{
    "title": "Stolen: Heist of the Century",
    "plot": "Stolen: Heist of the Century",
    "thumb": "https:\/\/m.media-amazon.com\/images\/M\/MV5BNjFkYjhkMjAtYzRiMC00M2UyLTk3NjItZmFmNzhkZGYxYjAzXkEyXkFqcGc@._V1_FMjpg_UX1000_.jpg",
    "type": "filmovi",
    "created_at": "2025-08-08 23:24:53",
    "year": 2025,
    "link_groups": {
        "glavni": "https:\/\/www.file-upload.org\/yfmqef95rpxt",
        "alternativni_1": "https:\/\/listeamed.net\/e\/pVa4E8LK4y6EkzM\/StolenHeistOfTheCentury2025.mkv",
        "alternativni_2": ""
    },
    "last_updated": "2025-08-09 06:32:56"
}