{
    "title": "Deep Cover",
    "plot": "Deep Cover",
    "thumb": "https:\/\/m.media-amazon.com\/images\/M\/MV5BNjQ5ZTJjZTEtZWRiOC00NGM3LTg5NGItMTkxZmJmZjg5NzA3XkEyXkFqcGc@._V1_FMjpg_UX1000_.jpg",
    "type": "filmovi",
    "created_at": "2025-06-15 12:43:53",
    "year": 2025,
    "link_groups": {
        "glavni": "https:\/\/www.file-upload.org\/hvsup57ljns3",
        "alternativni_1": "https:\/\/listeamed.net\/e\/27BaOn7W6y25MDX\/DeepCover2025.mkv",
        "alternativni_2": ""
    },
    "last_updated": "2025-06-15 13:07:34"
}