{
    "title": "Saving Leningrad",
    "plot": "Saving Leningrad",
    "thumb": "https:\/\/m.media-amazon.com\/images\/M\/MV5BOThjZjQ2ZmUtOWFmZC00YTYzLTk1MDktMDljZmFiYTAyMjQ1XkEyXkFqcGc@._V1_.jpg",
    "type": "filmovi",
    "created_at": "2025-12-24 18:47:20",
    "year": 2019,
    "link_groups": {
        "glavni": "https:\/\/www.mp4upload.com\/glt4rxl2oub2",
        "alternativni_1": "https:\/\/1uploadflix.net\/k8ye7ise773s",
        "alternativni_2": "https:\/\/srbe84.vidplayer.live\/#951zz"
    }
}