{
    "title": "Tron: Legacy",
    "plot": "Tron: Legacy",
    "thumb": "https:\/\/m.media-amazon.com\/images\/M\/MV5BMTk4NTk4MTk1OF5BMl5BanBnXkFtZTcwNTE2MDIwNA@@._V1_FMjpg_UX1000_.jpg",
    "type": "filmovi",
    "created_at": "2025-10-13 19:50:28",
    "year": 2010,
    "link_groups": {
        "glavni": "https:\/\/www.file-upload.org\/78f7w680jjvf",
        "alternativni_1": "https:\/\/listeamed.net\/e\/0DogOGJldzGEKjM\/TronLegacy2010.mkv",
        "alternativni_2": "https:\/\/srbe84.vidplayer.live\/#vk1td"
    },
    "last_updated": "2025-10-16 22:45:26"
}