{
    "title": "Safe House",
    "plot": "Safe House",
    "thumb": "https:\/\/m.media-amazon.com\/images\/M\/MV5BMjM2Y2Q0NGMtOGUwZC00MDcyLWEzNzAtZTg4YjMyYTAxODRjXkEyXkFqcGc@._V1_QL75_UY281_CR1,0,190,281_.jpg",
    "type": "filmovi",
    "created_at": "2025-11-06 20:11:35",
    "year": 2025,
    "link_groups": {
        "glavni": "https:\/\/www.file-upload.org\/hi6z0u5us9sk",
        "alternativni_1": "https:\/\/listeamed.net\/e\/Ro7kOVDlq2wxZWB\/SafeHouse2025.mp4",
        "alternativni_2": "https:\/\/srbe84.vidplayer.live\/#otslz"
    },
    "last_updated": "2025-11-08 16:04:39"
}