{
    "title": "The Favourite",
    "plot": "The Favourite",
    "thumb": "https:\/\/m.media-amazon.com\/images\/M\/MV5BMTg1NzQwMDQxNV5BMl5BanBnXkFtZTgwNDg2NDYyNjM@._V1_.jpg",
    "type": "filmovi",
    "created_at": "2025-08-10 22:28:37",
    "year": 2018,
    "link_groups": {
        "glavni": "https:\/\/www.file-upload.org\/vhsms2basxmn",
        "alternativni_1": "https:\/\/listeamed.net\/e\/e028E6Gk3kmOYAv\/TheFavourite2018.mkv",
        "alternativni_2": ""
    },
    "last_updated": "2025-08-10 23:34:29"
}