{
    "title": "The Body  (El cuerpo)",
    "plot": "The Body  (El cuerpo)",
    "thumb": "https:\/\/m.media-amazon.com\/images\/M\/MV5BZWFmOGQ3MzMtOGFmYi00ZGEyLWI0NzEtMWY2MWVjNTUwMjc3XkEyXkFqcGc@._V1_.jpg",
    "type": "filmovi",
    "created_at": "2025-09-11 07:30:44",
    "year": 2012,
    "link_groups": {
        "glavni": "https:\/\/www.file-upload.org\/yyssmi8qojfr",
        "alternativni_1": "https:\/\/listeamed.net\/e\/njJYOdq68Xq5e9o\/TheBody2012.mkv",
        "alternativni_2": ""
    },
    "last_updated": "2025-09-11 14:21:44"
}