{
    "title": "Walking with the Enemy",
    "plot": "Walking with the Enemy",
    "thumb": "https:\/\/m.media-amazon.com\/images\/M\/MV5BNzUwOTg4MDg0MF5BMl5BanBnXkFtZTgwMTI1NzQyMTE@._V1_.jpg",
    "type": "filmovi",
    "created_at": "2025-07-18 22:50:42",
    "year": 2013,
    "link_groups": {
        "glavni": "https:\/\/www.file-upload.org\/lqzuidqr9qqv",
        "alternativni_1": "https:\/\/listeamed.net\/e\/27BaOn7boX25MDX\/WalkingwiththeEnemy2013.mkv",
        "alternativni_2": ""
    }
}