{
    "title": "Ballerina Assassin",
    "plot": "Ballerina Assassin",
    "thumb": "https:\/\/m.media-amazon.com\/images\/M\/MV5BYTY2ZjYwNzgtZTViNS00ZmIyLTk4NTItZDRiZDhiZTM0ZmJkXkEyXkFqcGc@._V1_.jpg",
    "type": "filmovi",
    "created_at": "2025-10-07 21:26:55",
    "year": 2025,
    "link_groups": {
        "glavni": "https:\/\/www.file-upload.org\/53hbskkanzse",
        "alternativni_1": "https:\/\/listeamed.net\/e\/JzkPxzXNXzyObyd\/BallerinaAssassin2025.mkv",
        "alternativni_2": "https:\/\/srbe84.vidplayer.live\/#ixmv6"
    }
}