{
    "title": "Barren Land",
    "plot": "Barren Land",
    "thumb": "https:\/\/m.media-amazon.com\/images\/M\/MV5BMTkwYTBlYTItNmJkZS00MWE5LTk0YTktYWI3OGE1ZGQ4N2U4XkEyXkFqcGc@._V1_FMjpg_UX1000_.jpg",
    "type": "filmovi",
    "created_at": "2026-02-05 15:52:46",
    "year": 2025,
    "link_groups": {
        "glavni": "https:\/\/www.mp4upload.com\/qqr3tjhd9gc7",
        "alternativni_1": "https:\/\/1uploadflix.net\/7y47y5rk0wv6",
        "alternativni_2": "https:\/\/vidnest.io\/6a1ra468dvu5"
    }
}