{
    "title": "The Correspondent",
    "plot": "The Correspondent",
    "thumb": "https:\/\/m.media-amazon.com\/images\/M\/MV5BZDMwOGNiNGMtYzY4Zi00NWE0LWI0OTQtYjdjMTYyYTM3MTE1XkEyXkFqcGc@._V1_.jpg",
    "type": "filmovi",
    "created_at": "2025-10-13 19:47:28",
    "year": 2024,
    "link_groups": {
        "glavni": "https:\/\/www.file-upload.org\/qb7k0o5b3djh",
        "alternativni_1": "https:\/\/listeamed.net\/e\/ZMVoErz3VdYE9Pa\/TheCorrespondent2024.mkv",
        "alternativni_2": "https:\/\/srbe84.vidplayer.live\/#tnhlv"
    },
    "last_updated": "2025-10-16 22:47:06"
}