{
    "title": "The Crucifix: Blood of the Exorcist",
    "plot": "The Crucifix: Blood of the Exorcist",
    "thumb": "https:\/\/m.media-amazon.com\/images\/M\/MV5BMDEzODdiY2EtYTVmOS00ODUxLTkzN2YtNjg0YzZkMzk5NDllXkEyXkFqcGc@._V1_.jpg",
    "type": "filmovi",
    "created_at": "2025-11-29 19:08:37",
    "year": 2025,
    "link_groups": {
        "glavni": "https:\/\/www.mp4upload.com\/j2jqrifphbos",
        "alternativni_1": "https:\/\/listeamed.net\/e\/dNjgOl7J8PKE9Wn\/TheCrucifixBloodOfTheExorcist2025.mp4",
        "alternativni_2": "https:\/\/srbe84.vidplayer.live\/#lekgf"
    }
}