{
    "title": "The Unholy Trinity",
    "plot": "The Unholy Trinity",
    "thumb": "https:\/\/m.media-amazon.com\/images\/M\/MV5BODU0MjBkNmEtNGVkZi00MjcwLWJlY2EtMGFlN2I1ODY2YzVkXkEyXkFqcGc@._V1_FMjpg_UX1000_.jpg",
    "type": "filmovi",
    "created_at": "2025-07-10 22:39:31",
    "year": 2024,
    "link_groups": {
        "glavni": "https:\/\/www.file-upload.org\/jeavyqf8quia",
        "alternativni_1": "https:\/\/listeamed.net\/e\/VqbX53Lr8b1xQzp\/TheUnholyTrinity2024.mkv",
        "alternativni_2": ""
    }
}