{
    "title": "Trapped in Her Dorm Room",
    "plot": "Trapped in Her Dorm Room",
    "thumb": "https:\/\/m.media-amazon.com\/images\/M\/MV5BMWEzMDgyNDEtYWI4MC00MTBkLWIwNjgtMTRiYTBmNGRkMzZmXkEyXkFqcGc@._V1_QL75_UY281_CR155,0,190,281_.jpg",
    "type": "filmovi",
    "created_at": "2025-11-14 00:03:09",
    "year": 2025,
    "link_groups": {
        "glavni": "https:\/\/www.file-upload.org\/an24wgv05xk0",
        "alternativni_1": "https:\/\/listeamed.net\/e\/JzkPxzXrRLyObyd\/TrappedInHerDormRoom2025.mp4",
        "alternativni_2": "https:\/\/srbe84.vidplayer.live\/#stusf"
    },
    "last_updated": "2025-11-14 16:08:59"
}