{
    "title": "I Know What You Did Last Summer",
    "plot": "I Know What You Did Last Summer",
    "thumb": "https:\/\/m.media-amazon.com\/images\/M\/MV5BNjE2Y2UyNmItZDQyZS00ZjE1LThmMWMtNTVmYzMxOTgwNmVlXkEyXkFqcGc@._V1_FMjpg_UX1000_.jpg",
    "type": "filmovi",
    "created_at": "2025-08-27 23:01:47",
    "year": 2025,
    "link_groups": {
        "glavni": "https:\/\/www.file-upload.org\/1b4zr64ggj02",
        "alternativni_1": "https:\/\/listeamed.net\/e\/pVa4E8Lj8MREkzM\/IKnowWhatYouDidLastSummer2025.mkv",
        "alternativni_2": ""
    }
}