{
    "title": "The Black Phone",
    "plot": "The Black Phone",
    "thumb": "https:\/\/m.media-amazon.com\/images\/M\/MV5BMjFhZTcxOTktMzllMS00MzIzLWJhODEtZDU5YTFkNzRjZWQyXkEyXkFqcGc@._V1_.jpg",
    "type": "filmovi",
    "created_at": "2025-11-18 16:50:27",
    "year": 2021,
    "link_groups": {
        "glavni": "https:\/\/www.file-upload.org\/ds4ln13f86w0",
        "alternativni_1": "https:\/\/listeamed.net\/e\/KNWlED6YJrW5kbp\/BlackPhone2021.mkv",
        "alternativni_2": "https:\/\/srbe84.vidplayer.live\/#j5hl3"
    },
    "last_updated": "2025-11-18 17:06:18"
}