{
    "title": "Married to a Balla",
    "plot": "Married to a Balla",
    "thumb": "https:\/\/m.media-amazon.com\/images\/M\/MV5BZWExOTUxNDMtMzYyMy00ZThhLThmYTAtZmE5ODhlYjc3NGVkXkEyXkFqcGc@._V1_QL75_UY281_CR3,0,190,281_.jpg",
    "type": "filmovi",
    "created_at": "2025-12-05 22:38:24",
    "year": 2024,
    "link_groups": {
        "glavni": "https:\/\/www.mp4upload.com\/znfx4fk6zu8n",
        "alternativni_1": "https:\/\/listeamed.net\/e\/KrdZ5kg1aZl5mX4\/MarriedToABalla2024.mp4",
        "alternativni_2": "https:\/\/srbe84.vidplayer.live\/#8k1eg"
    },
    "last_updated": "2025-12-05 22:58:58"
}