{
    "title": "Predator: Badlands",
    "plot": "Predator: Badlands",
    "thumb": "https:\/\/m.media-amazon.com\/images\/M\/MV5BNTdjZGUxMTItNjRkNS00N2VhLWE4MjMtMjVhODMwMGIxNjUwXkEyXkFqcGc@._V1_FMjpg_UX1000_.jpg",
    "type": "filmovi",
    "created_at": "2025-12-14 02:23:07",
    "year": 2025,
    "link_groups": {
        "glavni": "https:\/\/www.mp4upload.com\/gei55d9k68zu",
        "alternativni_1": "https:\/\/1uploadflix.net\/8xo8q4kaohp0",
        "alternativni_2": "https:\/\/srbe84.vidplayer.live\/#sx5r1"
    }
}