{
    "title": "Unseen Enemy",
    "plot": "Unseen Enemy",
    "thumb": "https:\/\/m.media-amazon.com\/images\/M\/MV5BYjY3MDJiNWUtZTJmMy00ZjZkLTllZGQtZjRlZTY0MzkxZTJiXkEyXkFqcGc@._V1_.jpg",
    "type": "filmovi",
    "created_at": "2026-01-20 09:57:09",
    "year": 2025,
    "link_groups": {
        "glavni": "https:\/\/www.mp4upload.com\/siofbd7p4hot",
        "alternativni_1": "https:\/\/1uploadflix.net\/9s78px016e9d",
        "alternativni_2": "https:\/\/srbe84.vidplayer.live\/#salm1"
    }
}