{
    "title": "Stolen Girl",
    "plot": "Stolen Girl",
    "thumb": "https:\/\/m.media-amazon.com\/images\/M\/MV5BMzdmOWE0ZDgtMjVhOS00ZTk5LThjZDYtN2U5OTU4OTFkNTA2XkEyXkFqcGc@._V1_FMjpg_UX1000_.jpg",
    "type": "filmovi",
    "created_at": "2025-10-13 19:57:37",
    "year": 2025,
    "link_groups": {
        "glavni": "https:\/\/www.file-upload.org\/bggfcguv5zdq",
        "alternativni_1": "https:\/\/listeamed.net\/e\/27BaOn7jYYp5MDX\/StolenGirl2025.mkv",
        "alternativni_2": "https:\/\/srbe84.vidplayer.live\/#5rqww"
    },
    "last_updated": "2025-10-16 22:38:33"
}