{
    "title": "Legacy of Rage",
    "plot": "Legacy of Rage",
    "thumb": "https:\/\/m.media-amazon.com\/images\/M\/MV5BNDhlZTk3ZWUtM2MzMS00N2JhLWI5MmUtOTVmYjU3ZGNkOWFlXkEyXkFqcGc@._V1_.jpg",
    "type": "filmovi",
    "created_at": "2025-10-13 19:49:25",
    "year": 1986,
    "link_groups": {
        "glavni": "https:\/\/www.file-upload.org\/o8ad6jm0zwhn",
        "alternativni_1": "https:\/\/listeamed.net\/e\/m7WJxggwkoGxBze\/LegacyOfRage1986.mkv",
        "alternativni_2": "https:\/\/srbe84.vidplayer.live\/#iaesj"
    },
    "last_updated": "2025-10-16 22:46:15"
}