{
    "title": "Ant-Man",
    "plot": "Ant-Man",
    "thumb": "https:\/\/www.covercity.net\/displaycover\/medium\/762175f7ce7b7b9e6d8e43330215ca44",
    "type": "kolekcije",
    "created_at": "2025-06-04 23:08:05",
    "movies": [
        {
            "title": "Ant-Man",
            "year": 2015,
            "plot": "Ant-Man",
            "thumb": "https:\/\/m.media-amazon.com\/images\/M\/MV5BMjM2NTQ5Mzc2M15BMl5BanBnXkFtZTgwNTcxMDI2NTE@._V1_FMjpg_UX1000_.jpg",
            "link_groups": {
                "glavni": "https:\/\/www.file-upload.org\/oenm5vd9goa6",
                "alternativni_1": "",
                "alternativni_2": ""
            }
        },
        {
            "title": "Ant-Man and the Wasp",
            "year": 2018,
            "plot": "Ant-Man and the Wasp",
            "thumb": "https:\/\/m.media-amazon.com\/images\/M\/MV5BODVkY2ZmZTAtYzFhMi00YzZlLWE2YWMtMDBiYjY2OTU4ZWM0XkEyXkFqcGc@._V1_FMjpg_UX1000_.jpg",
            "link_groups": {
                "glavni": "https:\/\/www.file-upload.org\/23bvep2hh1n0",
                "alternativni_1": "",
                "alternativni_2": ""
            }
        },
        {
            "title": "Ant-Man and the Wasp: Quantumania",
            "year": 2023,
            "plot": "Ant-Man and the Wasp: Quantumania",
            "thumb": "https:\/\/m.media-amazon.com\/images\/M\/MV5BMThkYWY5ZjQtYjJlMS00MDFmLWFkYzEtODEzZjg5YWFmMGY4XkEyXkFqcGc@._V1_FMjpg_UX1000_.jpg",
            "link_groups": {
                "glavni": "https:\/\/www.file-upload.org\/nh7t37hf7b2y",
                "alternativni_1": "",
                "alternativni_2": ""
            }
        }
    ],
    "last_updated": "2025-06-22 17:50:09"
}