{
    "title": "Ghostbusters",
    "plot": "Ghostbusters",
    "thumb": "https:\/\/encrypted-tbn0.gstatic.com\/images?q=tbn:ANd9GcSNeg1GHcM0q6s7XpxfbbPdVZq6Yqm_BaVkTQ&s",
    "type": "kolekcije",
    "created_at": "2025-06-16 23:40:59",
    "movies": [
        {
            "title": "Ghostbusters (1984)",
            "year": 1984,
            "plot": "Ghostbusters",
            "thumb": "https:\/\/m.media-amazon.com\/images\/M\/MV5BMGI0Yjg2ODAtNDYzNi00Njc2LTlkMmMtMmRmYWI5MDE4ZGRkXkEyXkFqcGc@._V1_.jpg",
            "link_groups": {
                "glavni": "https:\/\/www.file-upload.org\/s0r8t45m1l9v",
                "alternativni_1": "",
                "alternativni_2": ""
            }
        },
        {
            "title": "Ghostbusters II (1989)",
            "year": 1989,
            "plot": "Ghostbusters II",
            "thumb": "https:\/\/m.media-amazon.com\/images\/M\/MV5BZThjODU5NTMtMWJiNC00NjNkLWJmM2YtM2EzNDg3NjMxYjU5XkEyXkFqcGc@._V1_FMjpg_UX1000_.jpg",
            "link_groups": {
                "glavni": "https:\/\/www.file-upload.org\/wrfy00pleqd7",
                "alternativni_1": "",
                "alternativni_2": ""
            }
        },
        {
            "title": "Ghostbusters (2016)",
            "year": 2016,
            "plot": "Ghostbusters",
            "thumb": "https:\/\/m.media-amazon.com\/images\/M\/MV5BZjNhMzU5MjgtY2VhMC00NzZmLTk1YTEtMDc5OGU1OWJiMTE4XkEyXkFqcGc@._V1_.jpg",
            "link_groups": {
                "glavni": "https:\/\/www.file-upload.org\/22v368azwev5",
                "alternativni_1": "",
                "alternativni_2": ""
            }
        },
        {
            "title": "Ghostbusters: Afterlife (2021)",
            "year": 2021,
            "plot": "Ghostbusters: Afterlife",
            "thumb": "https:\/\/m.media-amazon.com\/images\/M\/MV5BMDJmZmM2NmQtMzhlYi00MGNkLTlhMWUtYjM1MmFlMTA1YTliXkEyXkFqcGc@._V1_.jpg",
            "link_groups": {
                "glavni": "https:\/\/www.file-upload.org\/tm3cwm1jwtif",
                "alternativni_1": "",
                "alternativni_2": ""
            }
        },
        {
            "title": "Ghostbusters: Frozen Empire (2024)",
            "year": 2024,
            "plot": "Ghostbusters: Frozen Empire",
            "thumb": "https:\/\/m.media-amazon.com\/images\/M\/MV5BNjcwMWQ4NTktODU5OC00NzBjLTg0Y2MtZTRjNDkzMjZmOTE4XkEyXkFqcGc@._V1_.jpg",
            "link_groups": {
                "glavni": "https:\/\/www.file-upload.org\/z4r98t6g7whz",
                "alternativni_1": "",
                "alternativni_2": ""
            }
        }
    ]
}