{
    "title": "Guardian Of The Galaxy",
    "plot": "Guardian Of The Galaxy",
    "thumb": "https:\/\/i.ebayimg.com\/images\/g\/s4AAAOSwk~9nAOlb\/s-l1200.jpg",
    "type": "kolekcije",
    "created_at": "2025-06-18 00:17:35",
    "movies": [
        {
            "title": "Guardians of the Galaxy (2014)",
            "year": 2014,
            "plot": "Guardians of the Galaxy",
            "thumb": "https:\/\/m.media-amazon.com\/images\/M\/MV5BM2ZmNjQ2MzAtNDlhNi00MmQyLWJhZDMtNmJiMjFlOWY4MzcxXkEyXkFqcGc@._V1_QL75_UX190_CR0,0,190,281_.jpg",
            "link_groups": {
                "glavni": "https:\/\/www.file-upload.org\/96rah6gs2qod",
                "alternativni_1": "",
                "alternativni_2": ""
            }
        },
        {
            "title": "Guardians of the Galaxy Vol. 2 (2017)",
            "year": 2017,
            "plot": "Guardians of the Galaxy Vol. 2",
            "thumb": "https:\/\/m.media-amazon.com\/images\/M\/MV5BNWE5MGI3MDctMmU5Ni00YzI2LWEzMTQtZGIyZDA5MzQzNDBhXkEyXkFqcGc@._V1_FMjpg_UX1000_.jpg",
            "link_groups": {
                "glavni": "https:\/\/www.file-upload.org\/0kxkm0jgt9i3",
                "alternativni_1": "",
                "alternativni_2": ""
            }
        },
        {
            "title": "Guardians of the Galaxy Vol. 3 (2023)",
            "year": 2023,
            "plot": "Guardians of the Galaxy Vol. 3",
            "thumb": "https:\/\/m.media-amazon.com\/images\/M\/MV5BOTJhOTMxMmItZmE0Ny00MDc3LWEzOGEtOGFkMzY4MWYyZDQ0XkEyXkFqcGc@._V1_.jpg",
            "link_groups": {
                "glavni": "https:\/\/www.file-upload.org\/kdxx4es6bvll",
                "alternativni_1": "",
                "alternativni_2": ""
            }
        }
    ]
}