{
    "title": "Batman The Dark Knight",
    "plot": "Batman The Dark Knight",
    "thumb": "https:\/\/static1.srcdn.com\/wordpress\/wp-content\/uploads\/2022\/02\/The-Dark-Knight-Trilogy.jpg",
    "type": "kolekcije",
    "created_at": "2025-06-05 17:15:44",
    "movies": [
        {
            "title": "Batman Begins",
            "year": 2005,
            "plot": "Batman Begins",
            "thumb": "https:\/\/m.media-amazon.com\/images\/M\/MV5BODIyMDdhNTgtNDlmOC00MjUxLWE2NDItODA5MTdkNzY3ZTdhXkEyXkFqcGc@._V1_FMjpg_UX1000_.jpg",
            "link_groups": {
                "glavni": "https:\/\/www.file-upload.org\/wfi0yqbfa69q",
                "alternativni_1": "",
                "alternativni_2": ""
            }
        },
        {
            "title": "The Dark Knight",
            "year": 2008,
            "plot": "The Dark Knight",
            "thumb": "https:\/\/m.media-amazon.com\/images\/M\/MV5BMTMxNTMwODM0NF5BMl5BanBnXkFtZTcwODAyMTk2Mw@@._V1_QL75_UX190_CR0,0,190,281_.jpg",
            "link_groups": {
                "glavni": "https:\/\/www.file-upload.org\/m7jvf82j9w6j",
                "alternativni_1": "",
                "alternativni_2": ""
            }
        },
        {
            "title": "The Dark Knight Rises",
            "year": 2012,
            "plot": "The Dark Knight Rises",
            "thumb": "https:\/\/m.media-amazon.com\/images\/M\/MV5BMTk4ODQzNDY3Ml5BMl5BanBnXkFtZTcwODA0NTM4Nw@@._V1_.jpg",
            "link_groups": {
                "glavni": "https:\/\/www.file-upload.org\/skaidgiyxipi",
                "alternativni_1": "",
                "alternativni_2": ""
            }
        }
    ],
    "last_updated": "2025-06-22 17:53:36"
}