{
    "title": "Jason Bourne",
    "plot": "Jason Bourne",
    "thumb": "https:\/\/m.media-amazon.com\/images\/I\/81HaPRbRZqL.jpg",
    "type": "kolekcije",
    "created_at": "2025-07-28 06:43:17",
    "movies": [
        {
            "title": "The Bourne Identity",
            "year": 2002,
            "plot": "The Bourne Identity",
            "thumb": "https:\/\/m.media-amazon.com\/images\/M\/MV5BYTk1ZTcyMWMtMWUxYS00MmEzLTlmODYtOTk1MGRjOTg1ZjlmXkEyXkFqcGc@._V1_FMjpg_UX1000_.jpg",
            "link_groups": {
                "glavni": "https:\/\/www.file-upload.org\/kditmb7lkzu2",
                "alternativni_1": "https:\/\/listeamed.net\/e\/4bQVOjRoPWvOwKm\/TheBourneIdentity2002.mkv",
                "alternativni_2": ""
            }
        },
        {
            "title": "The Bourne Supremacy",
            "year": 2004,
            "plot": "The Bourne Supremacy",
            "thumb": "https:\/\/m.media-amazon.com\/images\/M\/MV5BZTU4ZDgyYjgtODA0Mi00MmE3LTgzYWQtZjc1YTFiMTczZTQ3XkEyXkFqcGc@._V1_.jpg",
            "link_groups": {
                "glavni": "https:\/\/www.file-upload.org\/3jzwsxi67ap4",
                "alternativni_1": "https:\/\/listeamed.net\/e\/LQm9OXK9LKRE1lg\/TheBourneSupremacy2004.mkv",
                "alternativni_2": ""
            }
        },
        {
            "title": "The Bourne Ultimatum",
            "year": 2007,
            "plot": "The Bourne Ultimatum",
            "thumb": "https:\/\/m.media-amazon.com\/images\/M\/MV5BMDcxM2IyMTEtMTVjMy00ZmE0LWE3MjktM2Y1NzYwZjAxNzUyXkEyXkFqcGc@._V1_FMjpg_UX1000_.jpg",
            "link_groups": {
                "glavni": "https:\/\/www.file-upload.org\/nyy7fmqtmdp1",
                "alternativni_1": "https:\/\/listeamed.net\/e\/0DogOGJvoe7EKjM\/TheBourneUltimatum2007.mkv",
                "alternativni_2": ""
            }
        },
        {
            "title": "The Bourne Legacy",
            "year": 2012,
            "plot": "The Bourne Legacy",
            "thumb": "https:\/\/m.media-amazon.com\/images\/M\/MV5BYmVkMzMzMjEtMWNmZS00MDRhLWI4MjUtODQ3MjFiNTY5OGM5XkEyXkFqcGc@._V1_.jpg",
            "link_groups": {
                "glavni": "https:\/\/www.file-upload.org\/1f0guf7cnn50",
                "alternativni_1": "https:\/\/listeamed.net\/e\/rabVOQLk31gEKdW\/TheBourneLegacy2012.mkv",
                "alternativni_2": ""
            }
        },
        {
            "title": "Jason Bourne",
            "year": 2016,
            "plot": "Jason Bourne",
            "thumb": "https:\/\/m.media-amazon.com\/images\/M\/MV5BZGFiZmM5YjgtNTZmOS00Yjk2LTg5ZTgtNmY1MjJjYjIzZjVmXkEyXkFqcGc@._V1_.jpg",
            "link_groups": {
                "glavni": "https:\/\/www.file-upload.org\/xs8l8frvswpd",
                "alternativni_1": "https:\/\/listeamed.net\/e\/pVa4E8L2BkmEkzM\/JasonBourne2016.mkv",
                "alternativni_2": ""
            }
        }
    ]
}