{
    "title": "Beethoven",
    "plot": "Beethoven",
    "thumb": "https:\/\/media.themoviedb.org\/t\/p\/w500\/vE7lMSgyAUG4eFHZj17nLw15qWM.jpg",
    "type": "kolekcije",
    "created_at": "2025-06-05 17:49:12",
    "movies": [
        {
            "title": "Beethoven",
            "year": 1992,
            "plot": "Beethoven",
            "thumb": "https:\/\/m.media-amazon.com\/images\/M\/MV5BOGI2ODdkZDItNTYwMy00NmQyLTg2ZjgtZWQ4YmU5YzllYzNiXkEyXkFqcGc@._V1_FMjpg_UX1000_.jpg",
            "link_groups": {
                "glavni": "https:\/\/www.file-upload.org\/97rmfwmxhqtw",
                "alternativni_1": "",
                "alternativni_2": ""
            }
        },
        {
            "title": "Beethoven's 2nd",
            "year": 1993,
            "plot": "Beethoven's 2nd",
            "thumb": "https:\/\/m.media-amazon.com\/images\/M\/MV5BMTg5OTg0MzYtZDI5ZS00MDAzLWI5ZWQtYWQ1MTE1NTNmM2IwXkEyXkFqcGc@._V1_FMjpg_UX1000_.jpg",
            "link_groups": {
                "glavni": "https:\/\/www.file-upload.org\/1ox8h673km13",
                "alternativni_1": "",
                "alternativni_2": ""
            }
        },
        {
            "title": "Beethoven's Big Break",
            "year": 2008,
            "plot": "Beethoven's Big Break",
            "thumb": "https:\/\/m.media-amazon.com\/images\/M\/MV5BOTRjNjg3ZTEtMjY1NC00MzhhLTg0MmQtOGMzMmEwZjkxMjUyXkEyXkFqcGc@._V1_FMjpg_UX1000_.jpg",
            "link_groups": {
                "glavni": "https:\/\/www.file-upload.org\/zyhipsgww18w",
                "alternativni_1": "",
                "alternativni_2": ""
            }
        },
        {
            "title": "Beethoven's Christmas Adventure",
            "year": 2011,
            "plot": "Beethoven's Christmas Adventure",
            "thumb": "https:\/\/m.media-amazon.com\/images\/M\/MV5BODFjNmFiZjctZDhmYS00YzIwLWJhNWItZjIwNmY3NWE2MDM4XkEyXkFqcGc@._V1_FMjpg_UX1000_.jpg",
            "link_groups": {
                "glavni": "https:\/\/www.file-upload.org\/wy0l1oob5ify",
                "alternativni_1": "",
                "alternativni_2": ""
            }
        },
        {
            "title": "Beethoven's Treasure Tail",
            "year": 2014,
            "plot": "Beethoven's Treasure Tail",
            "thumb": "https:\/\/m.media-amazon.com\/images\/M\/MV5BM2YxNmRkNGEtYjk5NC00NmZiLWE1NjUtYTJjOWIxODBlNjBjXkEyXkFqcGc@._V1_FMjpg_UX1000_.jpg",
            "link_groups": {
                "glavni": "https:\/\/www.file-upload.org\/60pcta5afyzl",
                "alternativni_1": "",
                "alternativni_2": ""
            }
        }
    ]
}