{
    "title": "Bruce Lee",
    "plot": "Bruce Lee",
    "thumb": "https:\/\/goauctionomega.blob.core.windows.net\/stock\/56568-1-medium.jpg",
    "type": "kolekcije",
    "created_at": "2025-06-06 00:55:24",
    "movies": [
        {
            "title": "The Big Boss (1971)",
            "year": 1971,
            "plot": "The Big Boss",
            "thumb": "https:\/\/m.media-amazon.com\/images\/M\/MV5BZTNjZWY0MDYtMWQ1Mi00YWRiLTk3M2YtMjdjM2E5MDAxYWM3XkEyXkFqcGc@._V1_.jpg",
            "link_groups": {
                "glavni": "https:\/\/www.file-upload.org\/ixuyy0z16mhj",
                "alternativni_1": "",
                "alternativni_2": ""
            }
        },
        {
            "title": "Fist of Fury (1972)",
            "year": 1972,
            "plot": "Fist of Fury",
            "thumb": "https:\/\/m.media-amazon.com\/images\/M\/MV5BZDAxMWZjMTgtNDdkMC00YmI5LWFkNzYtOTA0NDMwNjE2Y2MzXkEyXkFqcGc@._V1_.jpg",
            "link_groups": {
                "glavni": "https:\/\/www.file-upload.org\/enornfujbueo",
                "alternativni_1": "",
                "alternativni_2": ""
            }
        },
        {
            "title": "Enter the Dragon (1973)",
            "year": 1973,
            "plot": "Enter the Dragon",
            "thumb": "https:\/\/m.media-amazon.com\/images\/M\/MV5BMjBiZWRhMTQtZTk1Yi00Y2VlLTkzZmItNTkxN2U1N2RmN2E0XkEyXkFqcGc@._V1_.jpg",
            "link_groups": {
                "glavni": "https:\/\/www.file-upload.org\/sml6j613gvl2",
                "alternativni_1": "",
                "alternativni_2": ""
            }
        },
        {
            "title": "Game of Death (1978)",
            "year": 1978,
            "plot": "Game of Death",
            "thumb": "https:\/\/m.media-amazon.com\/images\/M\/MV5BODY4YTUxNDEtMjcxZS00NDlhLWE2OWQtNDM0N2E4YmIyNGJkXkEyXkFqcGc@._V1_FMjpg_UX1000_.jpg",
            "link_groups": {
                "glavni": "https:\/\/www.file-upload.org\/rmmt47obbmdw",
                "alternativni_1": "",
                "alternativni_2": ""
            }
        },
        {
            "title": "Game of Death II (1980)",
            "year": 1980,
            "plot": "Game of Death II",
            "thumb": "https:\/\/i.ebayimg.com\/images\/g\/askAAOSwdfVchGrb\/s-l1200.jpg",
            "link_groups": {
                "glavni": "https:\/\/www.file-upload.org\/c1xau5v9kqtt",
                "alternativni_1": "",
                "alternativni_2": ""
            }
        }
    ],
    "last_updated": "2025-06-06 21:18:46"
}