{
    "title": "Avatar",
    "plot": "Avatar",
    "thumb": "https:\/\/image.tmdb.org\/t\/p\/original\/gC3tW9a45RGOzzSh6wv91pFnmFr.jpg",
    "type": "kolekcije",
    "created_at": "2025-06-04 23:16:09",
    "movies": [
        {
            "title": "Avatar",
            "year": 2009,
            "plot": "Avatar",
            "thumb": "https:\/\/m.media-amazon.com\/images\/M\/MV5BMDEzMmQwZjctZWU2My00MWNlLWE0NjItMDJlYTRlNGJiZjcyXkEyXkFqcGc@._V1_FMjpg_UX1000_.jpg",
            "link_groups": {
                "glavni": "https:\/\/www.mp4upload.com\/k4xcfnxdnxok",
                "alternativni_1": "https:\/\/1uploadflix.net\/1522mkxu3bu1",
                "alternativni_2": "https:\/\/srbe84.vidplayer.live\/#uqq8u"
            }
        },
        {
            "title": "Avatar: The Way of Water",
            "year": 2022,
            "plot": "Avatar: The Way of Water",
            "thumb": "https:\/\/m.media-amazon.com\/images\/M\/MV5BNmQxNjZlZTctMWJiMC00NGMxLWJjNTctNTFiNjA1Njk3ZDQ5XkEyXkFqcGc@._V1_FMjpg_UX1000_.jpg",
            "link_groups": {
                "glavni": "https:\/\/www.mp4upload.com\/y9m1dqmifjya",
                "alternativni_1": "https:\/\/1uploadflix.net\/wabzmlr2hqu2",
                "alternativni_2": "https:\/\/srbe84.vidplayer.live\/#fcc3x"
            }
        }
    ],
    "last_updated": "2026-01-09 00:32:59"
}