{
    "title": "Fast and Furious",
    "plot": "Fast and Furious",
    "thumb": "https:\/\/i.ytimg.com\/vi\/oDVmOZMvnrk\/maxresdefault.jpg",
    "type": "kolekcije",
    "created_at": "2025-06-08 09:07:26",
    "movies": [
        {
            "title": "The Fast and the Furious",
            "year": 2001,
            "plot": "The Fast and the Furious",
            "thumb": "https:\/\/m.media-amazon.com\/images\/M\/MV5BZGRiMDE1NTMtMThmZS00YjE4LWI1ODQtNjRkZGZlOTg2MGE1XkEyXkFqcGc@._V1_.jpg",
            "link_groups": {
                "glavni": "https:\/\/www.file-upload.org\/dydddrgkcoag",
                "alternativni_1": "",
                "alternativni_2": ""
            }
        },
        {
            "title": "2 Fast 2 Furious",
            "year": 2003,
            "plot": "2 Fast 2 Furious",
            "thumb": "https:\/\/m.media-amazon.com\/images\/M\/MV5BOTQzYzEwNWMtOTAwYy00YWYwLWE1NTEtZTkxOGQxZTM0M2VhXkEyXkFqcGc@._V1_.jpg",
            "link_groups": {
                "glavni": "https:\/\/www.file-upload.org\/bekv2fpybb9k",
                "alternativni_1": "",
                "alternativni_2": ""
            }
        },
        {
            "title": "The Fast and the Furious: Tokyo Drift",
            "year": 2006,
            "plot": "The Fast and the Furious: Tokyo Drift",
            "thumb": "https:\/\/m.media-amazon.com\/images\/M\/MV5BMTQ2NTMxODEyNV5BMl5BanBnXkFtZTcwMDgxMjA0MQ@@._V1_FMjpg_UX1000_.jpg",
            "link_groups": {
                "glavni": "https:\/\/www.file-upload.org\/f6a0z27yhhej",
                "alternativni_1": "",
                "alternativni_2": ""
            }
        },
        {
            "title": "Fast & Furious",
            "year": 2009,
            "plot": "Fast & Furious",
            "thumb": "https:\/\/m.media-amazon.com\/images\/M\/MV5BM2Y1YzhkNzUtMzhmZC00OTFkLWJjZDktMWYzZmQ0Y2Y5ODcwXkEyXkFqcGc@._V1_.jpg",
            "link_groups": {
                "glavni": "https:\/\/www.file-upload.org\/2w0kelsgnxr4",
                "alternativni_1": "",
                "alternativni_2": ""
            }
        },
        {
            "title": "Fast Five",
            "year": 2011,
            "plot": "Fast Five",
            "thumb": "https:\/\/m.media-amazon.com\/images\/M\/MV5BMTUxNTk5MTE0OF5BMl5BanBnXkFtZTcwMjA2NzY3NA@@._V1_.jpg",
            "link_groups": {
                "glavni": "https:\/\/www.file-upload.org\/kfzlz6xg4fgu",
                "alternativni_1": "",
                "alternativni_2": ""
            }
        },
        {
            "title": "Fast & Furious 6",
            "year": 2013,
            "plot": "Fast & Furious 6",
            "thumb": "https:\/\/m.media-amazon.com\/images\/M\/MV5BMTM3NTg2NDQzOF5BMl5BanBnXkFtZTcwNjc2NzQzOQ@@._V1_.jpg",
            "link_groups": {
                "glavni": "https:\/\/www.file-upload.org\/739m420t7kun",
                "alternativni_1": "",
                "alternativni_2": ""
            }
        },
        {
            "title": "Furious 7",
            "year": 2015,
            "plot": "Furious 7",
            "thumb": "https:\/\/m.media-amazon.com\/images\/M\/MV5BMTQxOTA2NDUzOV5BMl5BanBnXkFtZTgwNzY2MTMxMzE@._V1_.jpg",
            "link_groups": {
                "glavni": "https:\/\/www.file-upload.org\/t8pxawe3bc9e",
                "alternativni_1": "",
                "alternativni_2": ""
            }
        },
        {
            "title": "The Fate of the Furious",
            "year": 2017,
            "plot": "The Fate of the Furious",
            "thumb": "https:\/\/m.media-amazon.com\/images\/M\/MV5BMjMxODI2NDM5Nl5BMl5BanBnXkFtZTgwNjgzOTk1MTI@._V1_.jpg",
            "link_groups": {
                "glavni": "https:\/\/www.file-upload.org\/asa6auy8yqmu",
                "alternativni_1": "",
                "alternativni_2": ""
            }
        },
        {
            "title": "Fast & Furious Presents: Hobbs & Shaw",
            "year": 2019,
            "plot": "Fast & Furious Presents: Hobbs & Shaw",
            "thumb": "https:\/\/m.media-amazon.com\/images\/M\/MV5BNmU4OTA5NGYtMTFjMS00MzgxLWFjNTMtYjdlMThlYzc4M2M4XkEyXkFqcGc@._V1_QL75_UY281_CR2,0,190,281_.jpg",
            "link_groups": {
                "glavni": "https:\/\/www.file-upload.org\/8jaewgtc7wzw",
                "alternativni_1": "",
                "alternativni_2": ""
            }
        },
        {
            "title": "F9: The Fast Saga",
            "year": 2021,
            "plot": "F9: The Fast Saga",
            "thumb": "https:\/\/m.media-amazon.com\/images\/M\/MV5BODJkMTQ5ZmQtNzQxYy00ZWNlLWI0ZGYtYjU1NzdiMjcyNDRmXkEyXkFqcGc@._V1_.jpg",
            "link_groups": {
                "glavni": "https:\/\/www.file-upload.org\/mmxt65pnmmhb",
                "alternativni_1": "",
                "alternativni_2": ""
            }
        },
        {
            "title": "Fast X",
            "year": 2023,
            "plot": "Fast X",
            "thumb": "https:\/\/m.media-amazon.com\/images\/M\/MV5BYzEwZjczOTktYzU1OS00YjJlLTgyY2UtNWEzODBlN2RjZDEwXkEyXkFqcGc@._V1_.jpg",
            "link_groups": {
                "glavni": "https:\/\/www.file-upload.org\/ifj9m8ikiee3",
                "alternativni_1": "",
                "alternativni_2": ""
            }
        }
    ],
    "last_updated": "2025-06-22 17:29:46"
}