{
    "title": "American Pie",
    "plot": "American Pie",
    "thumb": "https:\/\/images-wixmp-ed30a86b8c4ca887773594c2.wixmp.com\/i\/9022fad8-7dec-4094-847c-2fe06dc3f48e\/de0o1hy-0d12f9b3-43f4-4a04-9988-8dfd563b9a92.png\/v1\/fill\/w_1296,h_608,q_80,strp\/american_pie_collection_by_loki_icon_de0o1hy-fullview.jpg",
    "type": "kolekcije",
    "created_at": "2025-05-26 18:28:01",
    "movies": [
        {
            "title": "American Pie",
            "year": 1999,
            "plot": "American Pie",
            "thumb": "https:\/\/m.media-amazon.com\/images\/M\/MV5BMTg3ODY5ODI1NF5BMl5BanBnXkFtZTgwMTkxNTYxMTE@._V1_.jpg",
            "link_groups": {
                "glavni": "https:\/\/www.file-upload.org\/2blzvogz4wwp",
                "alternativni_1": "",
                "alternativni_2": ""
            }
        },
        {
            "title": "American Pie 2",
            "year": 2001,
            "plot": "American Pie 2",
            "thumb": "https:\/\/m.media-amazon.com\/images\/M\/MV5BM2I4MDEwOTctNGE0Yi00NTJlLThiZGEtNzU1YjExNmRlYzI2XkEyXkFqcGc@._V1_.jpg",
            "link_groups": {
                "glavni": "https:\/\/www.file-upload.org\/kahfei4tuq97",
                "alternativni_1": "",
                "alternativni_2": ""
            }
        },
        {
            "title": "American Wedding",
            "year": 2003,
            "plot": "American Wedding",
            "thumb": "https:\/\/m.media-amazon.com\/images\/M\/MV5BOWZjMjdhODAtMzc3NS00ZWRiLThjMDEtMzUwMTY2MTI4ZjNmXkEyXkFqcGc@._V1_.jpg",
            "link_groups": {
                "glavni": "https:\/\/www.file-upload.org\/6mmp6jle6m38",
                "alternativni_1": "",
                "alternativni_2": ""
            }
        },
        {
            "title": "American Pie Presents: Band Camp",
            "year": 2005,
            "plot": "American Pie Presents: Band Camp",
            "thumb": "https:\/\/m.media-amazon.com\/images\/M\/MV5BYzcyZTRmZWEtYTRiZS00MGExLTkwZWUtMDE4Yjg1NTdlM2Q2XkEyXkFqcGc@._V1_.jpg",
            "link_groups": {
                "glavni": "https:\/\/www.file-upload.org\/y5pobjru3004",
                "alternativni_1": "",
                "alternativni_2": ""
            }
        },
        {
            "title": "American Pie Presents: The Naked Mile",
            "year": 2006,
            "plot": "American Pie Presents: The Naked Mile",
            "thumb": "https:\/\/m.media-amazon.com\/images\/M\/MV5BYzVhNjgwNGEtYzgzZS00MTc3LThiM2QtYzFiMTQ5ZGUzNGJlXkEyXkFqcGc@._V1_FMjpg_UX1000_.jpg",
            "link_groups": {
                "glavni": "https:\/\/www.file-upload.org\/sj090puds66n",
                "alternativni_1": "",
                "alternativni_2": ""
            }
        },
        {
            "title": "American Pie Presents: Beta House",
            "year": 2007,
            "plot": "American Pie Presents: Beta House",
            "thumb": "https:\/\/m.media-amazon.com\/images\/M\/MV5BNTg5OThhZjctNTgwMy00ZTljLTkxM2YtYjM0YWJhZWJiNzM3XkEyXkFqcGc@._V1_FMjpg_UX1000_.jpg",
            "link_groups": {
                "glavni": "https:\/\/www.file-upload.org\/9cwi6whcxvau",
                "alternativni_1": "",
                "alternativni_2": ""
            }
        },
        {
            "title": "American Pie Presents: The Book of Love",
            "year": 2009,
            "plot": "American Pie Presents: The Book of Love",
            "thumb": "https:\/\/m.media-amazon.com\/images\/M\/MV5BMTdiOGNjOTAtYmEyOS00OTg2LTg1M2ItMjU5NmI5MDQ1YjFiXkEyXkFqcGc@._V1_FMjpg_UX1000_.jpg",
            "link_groups": {
                "glavni": "https:\/\/www.file-upload.org\/23r9rrvqefj0",
                "alternativni_1": "",
                "alternativni_2": ""
            }
        },
        {
            "title": "American Reunion",
            "year": 2012,
            "plot": "American Reunion",
            "thumb": "https:\/\/m.media-amazon.com\/images\/M\/MV5BMTY4MTEyMzU1N15BMl5BanBnXkFtZTcwNDQ0NTc1Nw@@._V1_FMjpg_UX1000_.jpg",
            "link_groups": {
                "glavni": "https:\/\/www.file-upload.org\/mobfw6hexcfl",
                "alternativni_1": "",
                "alternativni_2": ""
            }
        },
        {
            "title": "American Pie Presents: Girls' Rules",
            "year": 2020,
            "plot": "American Pie Presents: Girls' Rules",
            "thumb": "https:\/\/m.media-amazon.com\/images\/M\/MV5BNWZlNGQ5NmQtY2MxNC00MzkxLWJhZmMtZjY1NGQyYjdmM2U4XkEyXkFqcGc@._V1_.jpg",
            "link_groups": {
                "glavni": "https:\/\/www.file-upload.org\/txd01egk8nuf",
                "alternativni_1": "",
                "alternativni_2": ""
            }
        }
    ],
    "last_updated": "2025-06-22 17:56:17"
}