{
    "title": "Jackie Chan",
    "plot": "Jackie Chan",
    "thumb": "https:\/\/i.redd.it\/oer30nirqllc1.jpeg",
    "type": "kolekcije",
    "created_at": "2025-06-22 16:24:53",
    "movies": [
        {
            "title": "Drunken Master (1978)",
            "year": 1978,
            "plot": "Drunken Master",
            "thumb": "https:\/\/m.media-amazon.com\/images\/M\/MV5BMTc1NjYxMTExNl5BMl5BanBnXkFtZTYwNTU2NTI5._V1_.jpg",
            "link_groups": {
                "glavni": "https:\/\/www.file-upload.org\/md0ttxfapn9h",
                "alternativni_1": "",
                "alternativni_2": ""
            }
        },
        {
            "title": "The Young Master (1980)",
            "year": 1980,
            "plot": "The Young Master",
            "thumb": "https:\/\/m.media-amazon.com\/images\/M\/MV5BOGRlZjg4ZWMtNjc3OC00N2JlLThkZDgtNjhmMjM5NTQ2NGM0XkEyXkFqcGc@._V1_.jpg",
            "link_groups": {
                "glavni": "https:\/\/www.file-upload.org\/klygp83gw8up",
                "alternativni_1": "",
                "alternativni_2": ""
            }
        },
        {
            "title": "Project A (1983)",
            "year": 1983,
            "plot": "Project A",
            "thumb": "https:\/\/m.media-amazon.com\/images\/M\/MV5BMzUzOTIwZDAtYzIxNy00MDdiLTlkYWYtZWEyODYyODU2YmVmXkEyXkFqcGc@._V1_.jpg",
            "link_groups": {
                "glavni": "https:\/\/www.file-upload.org\/682ta8h63ofs",
                "alternativni_1": "",
                "alternativni_2": ""
            }
        },
        {
            "title": "Wheels on Meals (1984)",
            "year": 1984,
            "plot": "Wheels on Meals",
            "thumb": "https:\/\/m.media-amazon.com\/images\/M\/MV5BMjA2ODkzOTQ3M15BMl5BanBnXkFtZTgwOTI4MzkwMzE@._V1_.jpg",
            "link_groups": {
                "glavni": "https:\/\/www.file-upload.org\/x1wujs0m66fj",
                "alternativni_1": "",
                "alternativni_2": ""
            }
        },
        {
            "title": "Police Story (1985)",
            "year": 1985,
            "plot": "Police Story",
            "thumb": "https:\/\/m.media-amazon.com\/images\/M\/MV5BZTMxMWUxNjctOGNiOC00MzRkLWI1NjktZWUzOGJiZTM2ZDg1XkEyXkFqcGc@._V1_FMjpg_UX1000_.jpg",
            "link_groups": {
                "glavni": "https:\/\/www.file-upload.org\/3i5k1zg1ze1x",
                "alternativni_1": "",
                "alternativni_2": ""
            }
        },
        {
            "title": "Armour of God (1986)",
            "year": 1986,
            "plot": "Armour of God",
            "thumb": "https:\/\/m.media-amazon.com\/images\/M\/MV5BMTIyMjgwMTE3OF5BMl5BanBnXkFtZTcwNjQ1MzMyMQ@@._V1_.jpg",
            "link_groups": {
                "glavni": "https:\/\/www.file-upload.org\/46xeoywnnxbw",
                "alternativni_1": "",
                "alternativni_2": ""
            }
        },
        {
            "title": "Project A 2 (1987)",
            "year": 1987,
            "plot": "Project A 2",
            "thumb": "https:\/\/m.media-amazon.com\/images\/M\/MV5BYzQzYTljNGMtNjgwYy00MTFlLWFhNjktMDk2NDI5ZGIwYjA3XkEyXkFqcGc@._V1_FMjpg_UX1000_.jpg",
            "link_groups": {
                "glavni": "https:\/\/www.file-upload.org\/wy5217n71opp",
                "alternativni_1": "",
                "alternativni_2": ""
            }
        },
        {
            "title": "Police Story 2 (1988)",
            "year": 1988,
            "plot": "Police Story 2",
            "thumb": "https:\/\/m.media-amazon.com\/images\/M\/MV5BMTg0MzQ3NTQ3OF5BMl5BanBnXkFtZTYwODg4MTQ5._V1_.jpg",
            "link_groups": {
                "glavni": "https:\/\/www.file-upload.org\/fyot3ru00u6p",
                "alternativni_1": "",
                "alternativni_2": ""
            }
        },
        {
            "title": "Armour of God 2: Operation Condor (1991)",
            "year": 1991,
            "plot": "Armour of God 2: Operation Condor",
            "thumb": "https:\/\/m.media-amazon.com\/images\/M\/MV5BZWM0OGM2Y2ItNjc2Yy00ZTZlLWJjZTUtMzQ2ZWU0MTgxMWJhXkEyXkFqcGc@._V1_.jpg",
            "link_groups": {
                "glavni": "https:\/\/www.file-upload.org\/b3gwb7qz6yyq",
                "alternativni_1": "",
                "alternativni_2": ""
            }
        },
        {
            "title": "Crime Story (1993)",
            "year": 1993,
            "plot": "Crime Story",
            "thumb": "https:\/\/m.media-amazon.com\/images\/M\/MV5BMzY1MzE0MDYtY2ViNS00NzhiLWE5OTUtMGIwYTVhODRkMzkzXkEyXkFqcGc@._V1_.jpg",
            "link_groups": {
                "glavni": "https:\/\/www.file-upload.org\/iruokqv3jfk4",
                "alternativni_1": "",
                "alternativni_2": ""
            }
        },
        {
            "title": "Drunken Master II (1994)",
            "year": 1994,
            "plot": "Drunken Master II",
            "thumb": "https:\/\/m.media-amazon.com\/images\/M\/MV5BOTIxOTg0OTUxM15BMl5BanBnXkFtZTcwNDAxNTc2Mg@@._V1_.jpg",
            "link_groups": {
                "glavni": "https:\/\/www.file-upload.org\/o49qm14rwwow",
                "alternativni_1": "",
                "alternativni_2": ""
            }
        },
        {
            "title": "Rumble in the Bronx (1995)",
            "year": 1995,
            "plot": "Rumble in the Bronx",
            "thumb": "https:\/\/m.media-amazon.com\/images\/M\/MV5BNWUxMDcyZTMtYzJjMi00Y2Q1LWE3NWMtNTRiNGQxZTljYjE2XkEyXkFqcGc@._V1_FMjpg_UX1000_.jpg",
            "link_groups": {
                "glavni": "https:\/\/www.file-upload.org\/aag97huobk0r",
                "alternativni_1": "",
                "alternativni_2": ""
            }
        },
        {
            "title": "First Strike (1996)",
            "year": 1996,
            "plot": "First Strike",
            "thumb": "https:\/\/m.media-amazon.com\/images\/M\/MV5BZmZhZjI1M2MtZTNmMi00ZDc2LTg2ZTgtODBjYjNmOGE0YTBhXkEyXkFqcGc@._V1_FMjpg_UX1000_.jpg",
            "link_groups": {
                "glavni": "https:\/\/www.file-upload.org\/45hzhp9hmdq3",
                "alternativni_1": "",
                "alternativni_2": ""
            }
        },
        {
            "title": "Mr. Nice Guy (1997)",
            "year": 1997,
            "plot": "Mr. Nice Guy",
            "thumb": "https:\/\/m.media-amazon.com\/images\/M\/MV5BYmU1MWQ0NGEtZTRmOC00NWJiLWFkZjYtZWM5NmM1ODQ5Y2U3XkEyXkFqcGc@._V1_.jpg",
            "link_groups": {
                "glavni": "https:\/\/www.file-upload.org\/hpmc12dg8uf7",
                "alternativni_1": "",
                "alternativni_2": ""
            }
        },
        {
            "title": "Rush Hour (1998)",
            "year": 1998,
            "plot": "Rush Hour",
            "thumb": "https:\/\/m.media-amazon.com\/images\/M\/MV5BMGZiMzViNmEtNTNlZi00MzFmLTk5NTEtNDE2OTUzNmNlMTY4XkEyXkFqcGc@._V1_FMjpg_UX1000_.jpg",
            "link_groups": {
                "glavni": "https:\/\/www.file-upload.org\/dcr0tp985826",
                "alternativni_1": "",
                "alternativni_2": ""
            }
        },
        {
            "title": "Who Am I? (1998)",
            "year": 1998,
            "plot": "Who Am I?",
            "thumb": "https:\/\/m.media-amazon.com\/images\/M\/MV5BN2E2YTJjNzgtNTk0MS00YzA1LWIxMTItNmExZDA0MDA0YzY3XkEyXkFqcGc@._V1_.jpg",
            "link_groups": {
                "glavni": "https:\/\/www.file-upload.org\/9oxyzoblf1xe",
                "alternativni_1": "",
                "alternativni_2": ""
            }
        },
        {
            "title": "Shanghai Noon (2000)",
            "year": 2000,
            "plot": "Shanghai Noon",
            "thumb": "https:\/\/m.media-amazon.com\/images\/M\/MV5BMTI0MjE2MzUwOV5BMl5BanBnXkFtZTYwMTk5NjU3._V1_FMjpg_UX1000_.jpg",
            "link_groups": {
                "glavni": "https:\/\/www.file-upload.org\/ooh09pc6zyi6",
                "alternativni_1": "",
                "alternativni_2": ""
            }
        },
        {
            "title": "The Accidental Spy (2001)",
            "year": 2001,
            "plot": "The Accidental Spy (2001)",
            "thumb": "https:\/\/m.media-amazon.com\/images\/M\/MV5BYTEzM2VhYWYtMzgwMS00MzUyLTk2MWUtZGRlMjk0Mjk5ZDUzXkEyXkFqcGc@._V1_FMjpg_UX1000_.jpg",
            "link_groups": {
                "glavni": "https:\/\/www.file-upload.org\/b9hnlslkjnsi",
                "alternativni_1": "",
                "alternativni_2": ""
            }
        },
        {
            "title": "Rush Hour 2 (2001)",
            "year": 2001,
            "plot": "Rush Hour 2",
            "thumb": "https:\/\/m.media-amazon.com\/images\/M\/MV5BMGM0OTM4NGYtYzkzMC00OGZmLWEwZTItOTg4ZTdkYTIxOTc0XkEyXkFqcGc@._V1_FMjpg_UX1000_.jpg",
            "link_groups": {
                "glavni": "https:\/\/www.file-upload.org\/14mwyfnx4rv4",
                "alternativni_1": "",
                "alternativni_2": ""
            }
        },
        {
            "title": "The Medallion (2003)",
            "year": 2003,
            "plot": "The Medallion",
            "thumb": "https:\/\/m.media-amazon.com\/images\/M\/MV5BNTFjNzBmNjgtNjc3MC00NWViLTk4YmEtYjZlZTYxZmZiN2E2XkEyXkFqcGc@._V1_FMjpg_UX1000_.jpg",
            "link_groups": {
                "glavni": "https:\/\/www.file-upload.org\/0p84d5ffyvwo",
                "alternativni_1": "",
                "alternativni_2": ""
            }
        },
        {
            "title": "Shanghai Knights (2003)",
            "year": 2003,
            "plot": "Shanghai Knights",
            "thumb": "https:\/\/m.media-amazon.com\/images\/M\/MV5BMDYxNzQ0ZWQtOTUxNi00ZDM5LWJhYWMtMGJlODgzMTE0NGFiXkEyXkFqcGc@._V1_FMjpg_UX1000_.jpg",
            "link_groups": {
                "glavni": "https:\/\/www.file-upload.org\/8w0ce8p3hcbw",
                "alternativni_1": "",
                "alternativni_2": ""
            }
        },
        {
            "title": "New Police Story (2004)",
            "year": 2004,
            "plot": "New Police Story",
            "thumb": "https:\/\/m.media-amazon.com\/images\/M\/MV5BMzU3OTI0MDA1Ml5BMl5BanBnXkFtZTYwNzA1NzU3._V1_.jpg",
            "link_groups": {
                "glavni": "https:\/\/www.file-upload.org\/m69f0xzmvpg3",
                "alternativni_1": "",
                "alternativni_2": ""
            }
        },
        {
            "title": "Around the World in 80 Days (2004)",
            "year": 2004,
            "plot": "Around the World in 80 Days",
            "thumb": "https:\/\/m.media-amazon.com\/images\/M\/MV5BMTc4MTkxMjQ2NF5BMl5BanBnXkFtZTcwNzE0NzUyMQ@@._V1_.jpg",
            "link_groups": {
                "glavni": "https:\/\/www.file-upload.org\/qvrsw7gxiw42",
                "alternativni_1": "",
                "alternativni_2": ""
            }
        },
        {
            "title": "Rush Hour 3 (2007)",
            "year": 2007,
            "plot": "Rush Hour 3 (2007)",
            "thumb": "https:\/\/m.media-amazon.com\/images\/M\/MV5BMTA0Nzg5NjQ0MDBeQTJeQWpwZ15BbWU3MDE4Mzg5NDE@._V1_FMjpg_UX1000_.jpg",
            "link_groups": {
                "glavni": "https:\/\/www.file-upload.org\/rbix3hrktc0h",
                "alternativni_1": "",
                "alternativni_2": ""
            }
        },
        {
            "title": "The Forbidden Kingdom (2008)",
            "year": 2008,
            "plot": "The Forbidden Kingdom",
            "thumb": "https:\/\/m.media-amazon.com\/images\/M\/MV5BMTUwNTExMTg3NF5BMl5BanBnXkFtZTcwNDYyMTM2MQ@@._V1_.jpg",
            "link_groups": {
                "glavni": "https:\/\/www.file-upload.org\/j6aiej4yb9k2",
                "alternativni_1": "",
                "alternativni_2": ""
            }
        },
        {
            "title": "The Foreigner (2017)",
            "year": 2017,
            "plot": "The Foreigner",
            "thumb": "https:\/\/m.media-amazon.com\/images\/M\/MV5BOTMxYmI4YTQtMzg4ZS00YzU2LTgwMDgtODlmZGRjY2Y0YzQ4XkEyXkFqcGc@._V1_QL75_UX190_CR0,2,190,281_.jpg",
            "link_groups": {
                "glavni": "https:\/\/www.file-upload.org\/n1my5w5yuva0",
                "alternativni_1": "",
                "alternativni_2": ""
            }
        },
        {
            "title": "Snake in the Eagle's Shadow (1978)",
            "year": 1978,
            "plot": "Snake in the Eagle's Shadow (1978)",
            "thumb": "https:\/\/m.media-amazon.com\/images\/M\/MV5BMTc0ODM5NzQ2NV5BMl5BanBnXkFtZTYwNDI2MzM5._V1_.jpg",
            "link_groups": {
                "glavni": "https:\/\/www.file-upload.org\/56rwzzd6m99z",
                "alternativni_1": "",
                "alternativni_2": ""
            }
        }
    ],
    "last_updated": "2025-06-22 16:55:03"
}