{
    "title": "Highlander",
    "plot": "Highlander",
    "thumb": "https:\/\/m.media-amazon.com\/images\/I\/71Cvj1kUSML._UF1000,1000_QL80_.jpg",
    "type": "kolekcije",
    "created_at": "2025-06-22 12:10:19",
    "movies": [
        {
            "title": "Highlander",
            "year": 1986,
            "plot": "Highlander",
            "thumb": "https:\/\/m.media-amazon.com\/images\/M\/MV5BMTYxMzc0NDk1NV5BMl5BanBnXkFtZTgwNTcyMDEyODE@._V1_.jpg",
            "link_groups": {
                "glavni": "https:\/\/www.file-upload.org\/iyahf3hobl8j",
                "alternativni_1": "",
                "alternativni_2": ""
            }
        },
        {
            "title": "Highlander II: The Quickening",
            "year": 1991,
            "plot": "Highlander II: The Quickening",
            "thumb": "https:\/\/m.media-amazon.com\/images\/M\/MV5BZGE4YTg4ZmUtYjE0Yi00MDdkLWJlZjctZmJmMWUzN2RiOTFiXkEyXkFqcGc@._V1_.jpg",
            "link_groups": {
                "glavni": "https:\/\/www.file-upload.org\/7ewfjznwdb91",
                "alternativni_1": "",
                "alternativni_2": ""
            }
        },
        {
            "title": "Highlander: The Final Dimension",
            "year": 1994,
            "plot": "Highlander: The Final Dimension",
            "thumb": "https:\/\/m.media-amazon.com\/images\/M\/MV5BMTg1MzYyMzk4Ml5BMl5BanBnXkFtZTYwMTE1MDA5._V1_.jpg",
            "link_groups": {
                "glavni": "https:\/\/www.file-upload.org\/lqexwkzu6mh8",
                "alternativni_1": "",
                "alternativni_2": ""
            }
        },
        {
            "title": "Highlander: Endgame",
            "year": 2000,
            "plot": "Highlander: Endgame",
            "thumb": "https:\/\/m.media-amazon.com\/images\/M\/MV5BMTY5OTE0NjMtYzMwNC00YTViLWE3ZjAtYzQxMDM2Mjc3NjBlXkEyXkFqcGc@._V1_FMjpg_UX1000_.jpg",
            "link_groups": {
                "glavni": "https:\/\/www.file-upload.org\/w9snmij4r81v",
                "alternativni_1": "",
                "alternativni_2": ""
            }
        },
        {
            "title": "Highlander: The Source",
            "year": 2007,
            "plot": "Highlander: The Source",
            "thumb": "https:\/\/m.media-amazon.com\/images\/M\/MV5BMzdhYTdjNjQtMzMyZi00ZDkzLWFhNjYtYmRhMDdmNzVjMjJmXkEyXkFqcGc@._V1_.jpg",
            "link_groups": {
                "glavni": "https:\/\/www.file-upload.org\/8gr1tcgs5emv",
                "alternativni_1": "",
                "alternativni_2": ""
            }
        }
    ],
    "last_updated": "2025-06-22 17:21:20"
}