{
    "title": "Avengers",
    "plot": "Avengers",
    "thumb": "https:\/\/m.media-amazon.com\/images\/I\/81usB6xTzbL._AC_UF894,1000_QL80_.jpg",
    "type": "kolekcije",
    "created_at": "2025-06-05 16:08:17",
    "movies": [
        {
            "title": "The Avengers",
            "year": 2012,
            "plot": "The Avengers",
            "thumb": "https:\/\/m.media-amazon.com\/images\/M\/MV5BNGE0YTVjNzUtNzJjOS00NGNlLTgxMzctZTY4YTE1Y2Y1ZTU4XkEyXkFqcGc@._V1_FMjpg_UX1000_.jpg",
            "link_groups": {
                "glavni": "https:\/\/www.file-upload.org\/d2q7f7x4h7ow",
                "alternativni_1": "",
                "alternativni_2": ""
            }
        },
        {
            "title": "Avengers: Age of Ultron",
            "year": 2015,
            "plot": "Avengers: Age of Ultron",
            "thumb": "https:\/\/m.media-amazon.com\/images\/M\/MV5BODBhYTg1NGQtNGVmNS00ZTdiLThjYTYtZDFkNzRiNTZmNDZjXkEyXkFqcGc@._V1_FMjpg_UX1000_.jpg",
            "link_groups": {
                "glavni": "https:\/\/www.file-upload.org\/h8h7s5q7uv86",
                "alternativni_1": "",
                "alternativni_2": ""
            }
        },
        {
            "title": "Avengers: Infinity War",
            "year": 2018,
            "plot": "Avengers: Infinity War",
            "thumb": "https:\/\/m.media-amazon.com\/images\/M\/MV5BMjMxNjY2MDU1OV5BMl5BanBnXkFtZTgwNzY1MTUwNTM@._V1_.jpg",
            "link_groups": {
                "glavni": "https:\/\/www.file-upload.org\/u50ow5flq82f",
                "alternativni_1": "",
                "alternativni_2": ""
            }
        },
        {
            "title": "Avengers: Endgame",
            "year": 2019,
            "plot": "Avengers: Endgame",
            "thumb": "https:\/\/m.media-amazon.com\/images\/M\/MV5BMTc5MDE2ODcwNV5BMl5BanBnXkFtZTgwMzI2NzQ2NzM@._V1_FMjpg_UX1000_.jpg",
            "link_groups": {
                "glavni": "https:\/\/www.file-upload.org\/pypfghh48e9e",
                "alternativni_1": "",
                "alternativni_2": ""
            }
        }
    ],
    "last_updated": "2025-06-22 17:51:46"
}