{
    "title": "Fifty Shades",
    "plot": "Fifty Shades",
    "thumb": "https:\/\/m.media-amazon.com\/images\/I\/71dMWCNKd4L._AC_UF894,1000_QL80_.jpg",
    "type": "kolekcije",
    "created_at": "2025-06-08 09:27:56",
    "movies": [
        {
            "title": "Fifty Shades of Grey",
            "year": 2015,
            "plot": "Fifty Shades of Grey",
            "thumb": "https:\/\/m.media-amazon.com\/images\/M\/MV5BMjE1MTM4NDAzOF5BMl5BanBnXkFtZTgwNTMwNjI0MzE@._V1_FMjpg_UX1000_.jpg",
            "link_groups": {
                "glavni": "https:\/\/www.file-upload.org\/6ulbmx47tc2o",
                "alternativni_1": "",
                "alternativni_2": ""
            }
        },
        {
            "title": "Fifty Shades Darker",
            "year": 2017,
            "plot": "Fifty Shades Darker",
            "thumb": "https:\/\/m.media-amazon.com\/images\/M\/MV5BMTQ5NTk0Njg2N15BMl5BanBnXkFtZTgwNzk5Nzk3MDI@._V1_.jpg",
            "link_groups": {
                "glavni": "https:\/\/www.file-upload.org\/bjlrq1aivygo",
                "alternativni_1": "",
                "alternativni_2": ""
            }
        },
        {
            "title": "Fifty Shades Freed",
            "year": 2018,
            "plot": "Fifty Shades Freed",
            "thumb": "https:\/\/m.media-amazon.com\/images\/M\/MV5BMTYxOTQ1MzI0Nl5BMl5BanBnXkFtZTgwMzgwMzIxNDM@._V1_FMjpg_UX1000_.jpg",
            "link_groups": {
                "glavni": "https:\/\/www.file-upload.org\/wialy76pkmwn",
                "alternativni_1": "",
                "alternativni_2": ""
            }
        }
    ],
    "last_updated": "2025-06-22 17:27:41"
}