{
    "title": "Spider-Man",
    "plot": "Spider-Man",
    "thumb": "https:\/\/static.wikia.nocookie.net\/spiderman\/images\/a\/a2\/Spiderman_Films_2022.jpg",
    "type": "kolekcije",
    "created_at": "2025-06-05 13:52:40",
    "movies": [
        {
            "title": "Spider-Man (2002)",
            "year": 2002,
            "plot": "Spider-Man",
            "thumb": "https:\/\/m.media-amazon.com\/images\/M\/MV5BNGQ0YTQyYTgtNWI2YS00NTE2LWJmNDItNTFlMTUwNmFlZTM0XkEyXkFqcGc@._V1_.jpg",
            "link_groups": {
                "glavni": "https:\/\/www.file-upload.org\/wm6njzh5tmhu",
                "alternativni_1": "",
                "alternativni_2": ""
            }
        },
        {
            "title": "Spider-Man 2 (2004)",
            "year": 2004,
            "plot": "Spider-Man 2",
            "thumb": "https:\/\/m.media-amazon.com\/images\/M\/MV5BNGQ0YTQyYTgtNWI2YS00NTE2LWJmNDItNTFlMTUwNmFlZTM0XkEyXkFqcGc@._V1_.jpg",
            "link_groups": {
                "glavni": "https:\/\/www.file-upload.org\/owd9zvdl2hlt",
                "alternativni_1": "",
                "alternativni_2": ""
            }
        },
        {
            "title": "Spider-Man 3 (2007)",
            "year": 2007,
            "plot": "Spider-Man 3",
            "thumb": "https:\/\/m.media-amazon.com\/images\/M\/MV5BODE2NzNhMDctYjUzMC00Y2M5LWI2Y2EtODJkZTFjN2Y5ODlmXkEyXkFqcGc@._V1_FMjpg_UX1000_.jpg",
            "link_groups": {
                "glavni": "https:\/\/www.file-upload.org\/runaapvyk9w4",
                "alternativni_1": "",
                "alternativni_2": ""
            }
        },
        {
            "title": "The Amazing Spider-Man (2012)",
            "year": 2012,
            "plot": "The Amazing Spider-Man",
            "thumb": "https:\/\/m.media-amazon.com\/images\/M\/MV5BMjMyOTM4MDMxNV5BMl5BanBnXkFtZTcwNjIyNzExOA@@._V1_FMjpg_UX1000_.jpg",
            "link_groups": {
                "glavni": "https:\/\/www.file-upload.org\/xmlffdth28tk",
                "alternativni_1": "",
                "alternativni_2": ""
            }
        },
        {
            "title": "The Amazing Spider-Man 2 (2014)",
            "year": 2014,
            "plot": "The Amazing Spider-Man 2",
            "thumb": "https:\/\/m.media-amazon.com\/images\/M\/MV5BOTA5NDYxNTg0OV5BMl5BanBnXkFtZTgwODE5NzU1MTE@._V1_.jpg",
            "link_groups": {
                "glavni": "https:\/\/www.file-upload.org\/08i070hmopzn",
                "alternativni_1": "",
                "alternativni_2": ""
            }
        },
        {
            "title": "Spider-Man: Homecoming (2017)",
            "year": 2017,
            "plot": "Spider-Man: Homecoming",
            "thumb": "https:\/\/m.media-amazon.com\/images\/M\/MV5BODY2MTAzOTQ4M15BMl5BanBnXkFtZTgwNzg5MTE0MjI@._V1_.jpg",
            "link_groups": {
                "glavni": "https:\/\/www.file-upload.org\/ocl0iprqqocm",
                "alternativni_1": "",
                "alternativni_2": ""
            }
        },
        {
            "title": "Spider-Man: Far from Home (2019)",
            "year": 2019,
            "plot": "Spider-Man: Far from Home",
            "thumb": "https:\/\/m.media-amazon.com\/images\/M\/MV5BMzNhNTE0NWQtN2E1Ny00NjcwLTg1YTctMGY1NmMwODJmY2NmXkEyXkFqcGc@._V1_FMjpg_UX1000_.jpg",
            "link_groups": {
                "glavni": "https:\/\/www.file-upload.org\/6uc83dnc2tm9",
                "alternativni_1": "",
                "alternativni_2": ""
            }
        },
        {
            "title": "Spider-Man: No Way Home (2021)",
            "year": 2021,
            "plot": "Spider-Man: No Way Home",
            "thumb": "https:\/\/m.media-amazon.com\/images\/M\/MV5BMmFiZGZjMmEtMTA0Ni00MzA2LTljMTYtZGI2MGJmZWYzZTQ2XkEyXkFqcGc@._V1_.jpg",
            "link_groups": {
                "glavni": "https:\/\/www.file-upload.org\/3jbv3gpo2ek1",
                "alternativni_1": "",
                "alternativni_2": ""
            }
        }
    ],
    "last_updated": "2025-06-06 21:24:59"
}