{
    "title": "Final Destination",
    "plot": "Final Destination",
    "thumb": "https:\/\/img.lazcdn.com\/g\/p\/78b4d8b9bd67a742e39821eeda97347a.jpg_720x720q80.jpg",
    "type": "kolekcije",
    "created_at": "2025-06-08 09:54:06",
    "movies": [
        {
            "title": "Final Destination",
            "year": 2000,
            "plot": "Final Destination",
            "thumb": "https:\/\/encrypted-tbn0.gstatic.com\/images?q=tbn:ANd9GcTTZEhd81U3Sr0AIs23tf1agrbyCNNwiee6oA&s",
            "link_groups": {
                "glavni": "https:\/\/www.file-upload.org\/56cds9s1oqx5",
                "alternativni_1": "",
                "alternativni_2": ""
            }
        },
        {
            "title": "Final Destination 2",
            "year": 2003,
            "plot": "Final Destination 2",
            "thumb": "https:\/\/m.media-amazon.com\/images\/M\/MV5BMDExYmRlZDItZWQ4OS00M2Y5LWE4MDAtYjRiZTk5MWE1YzExXkEyXkFqcGc@._V1_.jpg",
            "link_groups": {
                "glavni": "https:\/\/www.file-upload.org\/9eo5l1s6viv3",
                "alternativni_1": "",
                "alternativni_2": ""
            }
        },
        {
            "title": "Final Destination 3",
            "year": 2003,
            "plot": "Final Destination 3",
            "thumb": "https:\/\/m.media-amazon.com\/images\/M\/MV5BODg2YmRjODItYmMzOS00MDJlLTg4YTQtNTE3Yzk5ODQ1Njg0XkEyXkFqcGc@._V1_.jpg",
            "link_groups": {
                "glavni": "https:\/\/www.file-upload.org\/nfj8lknoe9w6",
                "alternativni_1": "",
                "alternativni_2": ""
            }
        },
        {
            "title": "The Final Destination",
            "year": 2009,
            "plot": "The Final Destination",
            "thumb": "https:\/\/m.media-amazon.com\/images\/M\/MV5BMzAwZTc2ODUtMDMwNi00MzY4LTgxYTgtMGVhMmM3MmRhY2FmXkEyXkFqcGc@._V1_.jpg",
            "link_groups": {
                "glavni": "https:\/\/www.file-upload.org\/br5pqqly85fp",
                "alternativni_1": "",
                "alternativni_2": ""
            }
        },
        {
            "title": "Final Destination 5",
            "year": 2011,
            "plot": "Final Destination 5",
            "thumb": "https:\/\/m.media-amazon.com\/images\/M\/MV5BMTgyOTExNDc1M15BMl5BanBnXkFtZTcwMDA0MTA4NQ@@._V1_.jpg",
            "link_groups": {
                "glavni": "https:\/\/www.file-upload.org\/yum566dpnijw",
                "alternativni_1": "",
                "alternativni_2": ""
            }
        },
        {
            "title": "Final Destination: Bloodlines",
            "year": 2025,
            "plot": "Final Destination: Bloodlines",
            "thumb": "https:\/\/m.media-amazon.com\/images\/M\/MV5BMzc3OWFhZWItMTE2Yy00N2NmLTg1YTktNGVlNDY0ODQ5YjNlXkEyXkFqcGc@._V1_.jpg",
            "link_groups": {
                "glavni": "https:\/\/www.file-upload.org\/60qy3bpe6j5o",
                "alternativni_1": "",
                "alternativni_2": ""
            }
        }
    ],
    "last_updated": "2025-06-22 17:27:17"
}