{
    "title": "Jason Statham",
    "plot": "Jason Statham",
    "thumb": "https:\/\/m.media-amazon.com\/images\/I\/514TWr5WhJL._UF1000,1000_QL80_.jpg",
    "type": "kolekcije",
    "created_at": "2025-08-02 10:04:27",
    "movies": [
        {
            "title": "Lock, Stock and Two Smoking Barrels",
            "year": 1998,
            "plot": "Lock, Stock and Two Smoking Barrels",
            "thumb": "https:\/\/m.media-amazon.com\/images\/M\/MV5BMmY1M2M5ZmMtYzllZC00YzAxLTk4MjktZDJkNjA1MTUwMGQ4XkEyXkFqcGc@._V1_.jpg",
            "link_groups": {
                "glavni": "https:\/\/www.file-upload.org\/7iwhu7j0o7ql",
                "alternativni_1": "https:\/\/listeamed.net\/e\/qM1VOPnpJoBxo4k\/LockStockandTwoSmokingBarrels1998.mkv",
                "alternativni_2": ""
            }
        },
        {
            "title": "Snatch",
            "year": 2000,
            "plot": "Snatch",
            "thumb": "https:\/\/m.media-amazon.com\/images\/M\/MV5BYzk5NjJkMTQtN2IyNC00YWM5LTlhZmMtNGI3MWNhMTU1YTc4XkEyXkFqcGc@._V1_FMjpg_UX1000_.jpg",
            "link_groups": {
                "glavni": "https:\/\/www.file-upload.org\/r6msql2v8ey5",
                "alternativni_1": "https:\/\/listeamed.net\/e\/k3gG5qo7kdyE1N2\/Snatch2000.mkv",
                "alternativni_2": ""
            }
        },
        {
            "title": "The Transporter",
            "year": 2002,
            "plot": "The Transporter",
            "thumb": "https:\/\/m.media-amazon.com\/images\/M\/MV5BMTk2NDc2MDAxN15BMl5BanBnXkFtZTYwNDc1NDY2._V1_FMjpg_UX1000_.jpg",
            "link_groups": {
                "glavni": "https:\/\/www.file-upload.org\/zteas2ya9cyh",
                "alternativni_1": "https:\/\/listeamed.net\/e\/e028E6GrW4mOYAv\/TheTransporter2002.mkv",
                "alternativni_2": ""
            }
        },
        {
            "title": "The Italian Job",
            "year": 2003,
            "plot": "The Italian Job",
            "thumb": "https:\/\/m.media-amazon.com\/images\/M\/MV5BMjJjNzc5YjAtZjU2Ni00ZjVkLTkzYmItM2E2NDM0NWE1YmJhXkEyXkFqcGc@._V1_FMjpg_UX1000_.jpg",
            "link_groups": {
                "glavni": "https:\/\/www.file-upload.org\/r4nx08m4asd9",
                "alternativni_1": "https:\/\/listeamed.net\/e\/27BaOn7Jkbp5MDX\/TheItalianJob2003.mkv",
                "alternativni_2": ""
            }
        },
        {
            "title": "Cellular",
            "year": 2004,
            "plot": "Cellular",
            "thumb": "https:\/\/m.media-amazon.com\/images\/M\/MV5BMWRkOWZiZGMtMmRhNC00Njc1LWJkNDktNDNhMDY3N2NkYjFlXkEyXkFqcGc@._V1_FMjpg_UX1000_.jpg",
            "link_groups": {
                "glavni": "https:\/\/www.file-upload.org\/gr3mjd0uz02r",
                "alternativni_1": "https:\/\/listeamed.net\/e\/7QWN5emPWJ659oR\/Cellular2004.mkv",
                "alternativni_2": ""
            }
        },
        {
            "title": "Transporter 2",
            "year": 2005,
            "plot": "Transporter 2",
            "thumb": "https:\/\/m.media-amazon.com\/images\/M\/MV5BYTM4ZTM2ZDMtM2ZmMi00YWM4LTlmOWEtODQxMzYyZDJlZDEwXkEyXkFqcGc@._V1_.jpg",
            "link_groups": {
                "glavni": "https:\/\/www.file-upload.org\/8wpu12khzd8p",
                "alternativni_1": "https:\/\/listeamed.net\/e\/eL2157P360Rxrw4\/Transporter22005.mkv",
                "alternativni_2": ""
            }
        },
        {
            "title": "Revolver",
            "year": 2005,
            "plot": "Revolver",
            "thumb": "https:\/\/m.media-amazon.com\/images\/M\/MV5BMTQ1OTA3MjM4MF5BMl5BanBnXkFtZTYwMTMxODc4._V1_FMjpg_UX1000_.jpg",
            "link_groups": {
                "glavni": "https:\/\/www.file-upload.org\/psb16k7nsaoe",
                "alternativni_1": "https:\/\/listeamed.net\/e\/rabVOQLpYRGEKdW\/Revolver2005.mkv",
                "alternativni_2": ""
            }
        },
        {
            "title": "Crank",
            "year": 2006,
            "plot": "Crank",
            "thumb": "https:\/\/m.media-amazon.com\/images\/M\/MV5BMjg0NjAxNDY4MV5BMl5BanBnXkFtZTcwODA5MjMzMw@@._V1_.jpg",
            "link_groups": {
                "glavni": "https:\/\/www.file-upload.org\/locp9dm7zig4",
                "alternativni_1": "https:\/\/listeamed.net\/e\/mMq75LDpoVn5XPB\/Crank2006.mkv",
                "alternativni_2": ""
            }
        },
        {
            "title": "In the Name of the King: A Dungeon Siege Tale",
            "year": 2007,
            "plot": "In the Name of the King: A Dungeon Siege Tale",
            "thumb": "https:\/\/m.media-amazon.com\/images\/M\/MV5BMTU0MzI3MzMzOF5BMl5BanBnXkFtZTcwNjMzMjU1MQ@@._V1_.jpg",
            "link_groups": {
                "glavni": "https:\/\/www.file-upload.org\/c99iblcfb3xu",
                "alternativni_1": "https:\/\/listeamed.net\/e\/edVqE4916GDOYWm\/InTheNameOfTheKingADungeonSiegeTale2007.mkv",
                "alternativni_2": ""
            }
        },
        {
            "title": "War",
            "year": 2007,
            "plot": "War",
            "thumb": "https:\/\/m.media-amazon.com\/images\/M\/MV5BNTIwMjE2Mjc1MF5BMl5BanBnXkFtZTYwNzI0OTI3._V1_FMjpg_UX1000_.jpg",
            "link_groups": {
                "glavni": "https:\/\/www.file-upload.org\/st9yqtvghlw3",
                "alternativni_1": "https:\/\/listeamed.net\/e\/qA3WOmVekRJ5Kkz\/War2007.mkv",
                "alternativni_2": ""
            }
        },
        {
            "title": "Transporter 3",
            "year": 2008,
            "plot": "Transporter 3",
            "thumb": "https:\/\/m.media-amazon.com\/images\/M\/MV5BMDQ4YzQyMTItMzAxNy00OTY4LTk2OTctOGE1NjA0YWI5NzQ1XkEyXkFqcGc@._V1_FMjpg_UX1000_.jpg",
            "link_groups": {
                "glavni": "https:\/\/www.file-upload.org\/5lbp66u1e36i",
                "alternativni_1": "https:\/\/listeamed.net\/e\/edVqE4916o3OYWm\/Transportetr32008.mkv",
                "alternativni_2": ""
            }
        },
        {
            "title": "Death Race",
            "year": 2008,
            "plot": "Death Race",
            "thumb": "https:\/\/m.media-amazon.com\/images\/M\/MV5BZjdlNmJjM2ItYjkwOS00NDMxLWFjM2QtNzcyZjJkYzEzYzQ5XkEyXkFqcGc@._V1_FMjpg_UX1000_.jpg",
            "link_groups": {
                "glavni": "https:\/\/www.file-upload.org\/1lhbgoj58fvj",
                "alternativni_1": "https:\/\/listeamed.net\/e\/PlBVEZeWY76xDv9\/DeathRace2008.mkv",
                "alternativni_2": ""
            }
        },
        {
            "title": "Crank: High Voltage",
            "year": 2009,
            "plot": "Crank: High Voltage",
            "thumb": "https:\/\/m.media-amazon.com\/images\/M\/MV5BMTQzNTU1ODkxNl5BMl5BanBnXkFtZTcwMDgyODEzMg@@._V1_.jpg",
            "link_groups": {
                "glavni": "https:\/\/www.file-upload.org\/oq3hq755fy9e",
                "alternativni_1": "https:\/\/listeamed.net\/e\/g9Vd5J8pbGvEqQj\/CrankHighVoltage2009.mkv",
                "alternativni_2": ""
            }
        },
        {
            "title": "The Expendables",
            "year": 2010,
            "plot": "The Expendables",
            "thumb": "https:\/\/m.media-amazon.com\/images\/M\/MV5BNTUwODQyNjM0NF5BMl5BanBnXkFtZTcwNDMwMTU1Mw@@._V1_.jpg",
            "link_groups": {
                "glavni": "https:\/\/www.file-upload.org\/1r9ivdbn4vnl",
                "alternativni_1": "https:\/\/listeamed.net\/e\/eL2157PDAemxrw4\/TheExpendables2010.mkv",
                "alternativni_2": ""
            }
        },
        {
            "title": "Killer Elite",
            "year": 2011,
            "plot": "Killer Elite",
            "thumb": "https:\/\/m.media-amazon.com\/images\/M\/MV5BMTc4MDAxMjAzNV5BMl5BanBnXkFtZTcwNTY3ODg3NQ@@._V1_.jpg",
            "link_groups": {
                "glavni": "https:\/\/www.file-upload.org\/um51s7tbpnbl",
                "alternativni_1": "https:\/\/listeamed.net\/e\/0DogOGJy9eKEKjM\/KillerElite2011.mkv",
                "alternativni_2": ""
            }
        },
        {
            "title": "The Mechanic",
            "year": 2011,
            "plot": "The Mechanic",
            "thumb": "https:\/\/m.media-amazon.com\/images\/M\/MV5BMjYwODExNzUwMV5BMl5BanBnXkFtZTgwNTgwNjUyOTE@._V1_.jpg",
            "link_groups": {
                "glavni": "https:\/\/www.file-upload.org\/vi0bavc6q3o5",
                "alternativni_1": "https:\/\/listeamed.net\/e\/NMRLEpoekYPxXaG\/TheMechanic2011.mkv",
                "alternativni_2": ""
            }
        },
        {
            "title": "Blitz",
            "year": 2011,
            "plot": "Blitz",
            "thumb": "https:\/\/m.media-amazon.com\/images\/M\/MV5BMTQ2MjAyMDY0NF5BMl5BanBnXkFtZTcwODMwOTY1OQ@@._V1_.jpg",
            "link_groups": {
                "glavni": "https:\/\/www.file-upload.org\/wfzoeyk77ikn",
                "alternativni_1": "https:\/\/listeamed.net\/e\/e028E6GrWmMOYAv\/Blitz2011.mkv",
                "alternativni_2": ""
            }
        },
        {
            "title": "The Expendables 2",
            "year": 2012,
            "plot": "The Expendables 2",
            "thumb": "https:\/\/m.media-amazon.com\/images\/M\/MV5BMTkwZGYyYzktNmEzMS00ZDkzLTlkMjEtYTdiOWExM2Y2ZjE4XkEyXkFqcGc@._V1_.jpg",
            "link_groups": {
                "glavni": "https:\/\/www.file-upload.org\/vckffhd90mmo",
                "alternativni_1": "https:\/\/listeamed.net\/e\/pVa4E8Lpd4zEkzM\/TheExpendables22012.mkv",
                "alternativni_2": ""
            }
        },
        {
            "title": "Safe",
            "year": 2012,
            "plot": "Safe",
            "thumb": "https:\/\/m.media-amazon.com\/images\/M\/MV5BMTcxNDI0NzUxMF5BMl5BanBnXkFtZTcwOTIzMjkyNw@@._V1_FMjpg_UX1000_.jpg",
            "link_groups": {
                "glavni": "https:\/\/www.file-upload.org\/9mcwtgrca29y",
                "alternativni_1": "https:\/\/listeamed.net\/e\/KNWlED6R41R5kbp\/Safe2012.mkv",
                "alternativni_2": ""
            }
        },
        {
            "title": "Homefront",
            "year": 2013,
            "plot": "Homefront",
            "thumb": "https:\/\/m.media-amazon.com\/images\/M\/MV5BMTUwOTAzNzAwMl5BMl5BanBnXkFtZTgwOTc1NDIyMDE@._V1_.jpg",
            "link_groups": {
                "glavni": "https:\/\/www.file-upload.org\/u2fk023fxuhx",
                "alternativni_1": "https:\/\/listeamed.net\/e\/P0poO1md63dOz17\/Homefront2013.mkv",
                "alternativni_2": ""
            }
        },
        {
            "title": "Parker",
            "year": 2013,
            "plot": "Parker",
            "thumb": "https:\/\/m.media-amazon.com\/images\/M\/MV5BMTk4MzM2NTQ1Nl5BMl5BanBnXkFtZTcwODIyODY1OA@@._V1_FMjpg_UX1000_.jpg",
            "link_groups": {
                "glavni": "https:\/\/www.file-upload.org\/xu39tef9x80o",
                "alternativni_1": "https:\/\/listeamed.net\/e\/VqbX53Lj64zxQzp\/Parker2013.mkv",
                "alternativni_2": ""
            }
        },
        {
            "title": "The Expendables 3",
            "year": 2014,
            "plot": "The Expendables 3",
            "thumb": "https:\/\/m.media-amazon.com\/images\/M\/MV5BODU5ODMyMzg2MV5BMl5BanBnXkFtZTgwMTA2MTcxMjE@._V1_QL75_UX190_CR0,0,190,281_.jpg",
            "link_groups": {
                "glavni": "https:\/\/www.file-upload.org\/ybz3aecaldyt",
                "alternativni_1": "https:\/\/listeamed.net\/e\/P0poO1mWA4XOz17\/TheExpendables32014.mkv",
                "alternativni_2": ""
            }
        },
        {
            "title": "Wild Card",
            "year": 2015,
            "plot": "Wild Card",
            "thumb": "https:\/\/m.media-amazon.com\/images\/M\/MV5BMjAyNjkyOTgzNF5BMl5BanBnXkFtZTgwMTk0MDc2MzE@._V1_FMjpg_UX1000_.jpg",
            "link_groups": {
                "glavni": "https:\/\/www.file-upload.org\/09w9u27yvr9c",
                "alternativni_1": "https:\/\/listeamed.net\/e\/4bQVOjReka8OwKm\/WildCard2015.mkv",
                "alternativni_2": ""
            }
        },
        {
            "title": "Furious 7",
            "year": 2015,
            "plot": "Furious 7",
            "thumb": "https:\/\/m.media-amazon.com\/images\/M\/MV5BMTQxOTA2NDUzOV5BMl5BanBnXkFtZTgwNzY2MTMxMzE@._V1_.jpg",
            "link_groups": {
                "glavni": "https:\/\/www.file-upload.org\/t8pxawe3bc9e",
                "alternativni_1": "https:\/\/listeamed.net\/e\/3Q0lxBm2Lk85j1J\/FuriousSeven2015.mkv",
                "alternativni_2": ""
            }
        },
        {
            "title": "Mechanic: Resurrection",
            "year": 2016,
            "plot": "Mechanic: Resurrection",
            "thumb": "https:\/\/m.media-amazon.com\/images\/M\/MV5BMjYwODExNzUwMV5BMl5BanBnXkFtZTgwNTgwNjUyOTE@._V1_.jpg",
            "link_groups": {
                "glavni": "https:\/\/www.file-upload.org\/csjvo192te7a",
                "alternativni_1": "https:\/\/listeamed.net\/e\/m7WJxggMY3GxBze\/MechanicResurrection2016.mkv",
                "alternativni_2": ""
            }
        },
        {
            "title": "The Fate of the Furious",
            "year": 2017,
            "plot": "The Fate of the Furious",
            "thumb": "https:\/\/m.media-amazon.com\/images\/M\/MV5BMjMxODI2NDM5Nl5BMl5BanBnXkFtZTgwNjgzOTk1MTI@._V1_FMjpg_UX1000_.jpg",
            "link_groups": {
                "glavni": "https:\/\/www.file-upload.org\/asa6auy8yqmu",
                "alternativni_1": "https:\/\/listeamed.net\/e\/0DogOGJ1RnKEKjM\/TheFateOfTheFurious2017.mkv",
                "alternativni_2": ""
            }
        },
        {
            "title": "The Meg",
            "year": 2018,
            "plot": "The Meg",
            "thumb": "https:\/\/m.media-amazon.com\/images\/M\/MV5BMjg0MzA4MDE0N15BMl5BanBnXkFtZTgwMzk3MzAwNjM@._V1_.jpg",
            "link_groups": {
                "glavni": "https:\/\/www.file-upload.org\/xyh1kca2rfo6",
                "alternativni_1": "https:\/\/listeamed.net\/e\/MAlwEMR62KbOJ39\/TheMeg2018.mkv",
                "alternativni_2": ""
            }
        },
        {
            "title": "Fast & Furious Presents: Hobbs & Shaw",
            "year": 2019,
            "plot": "Fast & Furious Presents: Hobbs & Shaw",
            "thumb": "https:\/\/m.media-amazon.com\/images\/M\/MV5BNmU4OTA5NGYtMTFjMS00MzgxLWFjNTMtYjdlMThlYzc4M2M4XkEyXkFqcGc@._V1_QL75_UY281_CR2,0,190,281_.jpg",
            "link_groups": {
                "glavni": "https:\/\/www.file-upload.org\/8jaewgtc7wzw",
                "alternativni_1": "https:\/\/listeamed.net\/e\/VqbX53L07JBxQzp\/Fast&FuriousPresentsHobbs&Shaw2019.mkv",
                "alternativni_2": ""
            }
        },
        {
            "title": "Operation Fortune: Ruse de Guerre",
            "year": 2023,
            "plot": "Operation Fortune: Ruse de Guerre",
            "thumb": "https:\/\/m.media-amazon.com\/images\/M\/MV5BYjk3MjcwMWQtZDFmMS00NTk2LTkxYWItNWU0NzhlZTFiNTE1XkEyXkFqcGc@._V1_.jpg",
            "link_groups": {
                "glavni": "https:\/\/www.file-upload.org\/3okxt9685r03",
                "alternativni_1": "https:\/\/listeamed.net\/e\/0DogOGJ1RneEKjM\/OperationFortuneRuseDeGuerre2023.mkv",
                "alternativni_2": ""
            }
        },
        {
            "title": "The Expendables 4",
            "year": 2023,
            "plot": "The Expendables 4",
            "thumb": "https:\/\/m.media-amazon.com\/images\/M\/MV5BZjgyMmRmM2EtYWY5ZC00ZTllLWJhM2QtMGRlNGEzMWEzYzllXkEyXkFqcGc@._V1_FMjpg_UX1000_.jpg",
            "link_groups": {
                "glavni": "https:\/\/www.file-upload.org\/0ukvxs8fiqh3",
                "alternativni_1": "https:\/\/listeamed.net\/e\/b4ZJx2XRAWzO2P3\/TheExpendables42023.mkv",
                "alternativni_2": ""
            }
        },
        {
            "title": "Fast X",
            "year": 2023,
            "plot": "Fast X",
            "thumb": "https:\/\/m.media-amazon.com\/images\/M\/MV5BYzEwZjczOTktYzU1OS00YjJlLTgyY2UtNWEzODBlN2RjZDEwXkEyXkFqcGc@._V1_.jpg",
            "link_groups": {
                "glavni": "https:\/\/www.file-upload.org\/ifj9m8ikiee3",
                "alternativni_1": "https:\/\/listeamed.net\/e\/ZMVoErzVnB8E9Pa\/FastX2023.mkv",
                "alternativni_2": ""
            }
        },
        {
            "title": "Meg 2: The Trench",
            "year": 2023,
            "plot": "Meg 2: The Trench",
            "thumb": "https:\/\/m.media-amazon.com\/images\/M\/MV5BOGNiOTFkYTUtMDdiMi00YmJlLTkzOTAtMGViYWRhZjY3ODhkXkEyXkFqcGc@._V1_.jpg",
            "link_groups": {
                "glavni": "https:\/\/www.file-upload.org\/5dugun3rge2l",
                "alternativni_1": "https:\/\/listeamed.net\/e\/ZMVoErzVnD8E9Pa\/Meg2TheTrench2023.mkv",
                "alternativni_2": ""
            }
        },
        {
            "title": "The Beekeeper",
            "year": 2024,
            "plot": "The Beekeeper",
            "thumb": "https:\/\/m.media-amazon.com\/images\/M\/MV5BNGEwYWU2NmQtNjU5NS00ZjkzLWE2ZTYtYzgzMjEzOGJhYWQwXkEyXkFqcGc@._V1_.jpg",
            "link_groups": {
                "glavni": "https:\/\/www.file-upload.org\/1gzp1o304qtv",
                "alternativni_1": "https:\/\/listeamed.net\/e\/njJYOdqQng75e9o\/TheBeekeeper2024.mkv",
                "alternativni_2": ""
            }
        },
        {
            "title": "A Working Man",
            "year": 2025,
            "plot": "A Working Man",
            "thumb": "https:\/\/m.media-amazon.com\/images\/M\/MV5BYmQxZGIxNTYtYTQwMy00ODdkLWI0MmQtM2E0ZmIyNmYzMGMzXkEyXkFqcGc@._V1_.jpg",
            "link_groups": {
                "glavni": "https:\/\/www.file-upload.org\/q3x1tz3iohlg",
                "alternativni_1": "https:\/\/listeamed.net\/e\/b4ZJx2XZzeAO2P3\/AWorkingMan2025.mkv",
                "alternativni_2": ""
            }
        }
    ],
    "last_updated": "2025-08-03 09:01:32"
}