{
    "title": "From Dusk Till Dawn",
    "plot": "From Dusk Till Dawn",
    "thumb": "https:\/\/m.media-amazon.com\/images\/I\/71r54VdgegL._AC_UF894,1000_QL80_.jpg",
    "type": "kolekcije",
    "created_at": "2025-05-26 18:05:19",
    "movies": [
        {
            "title": "From Dusk Till Dawn",
            "year": 1996,
            "plot": "From Dusk Till Dawn",
            "thumb": "https:\/\/m.media-amazon.com\/images\/M\/MV5BZGNjMWMwNWEtYTQ2YS00N2E5LTg5ZWYtMDgzM2UxMTE1ZTE4XkEyXkFqcGc@._V1_FMjpg_UX1000_.jpg",
            "link_groups": {
                "glavni": "https:\/\/www.file-upload.org\/26amzahoaq5q",
                "alternativni_1": "",
                "alternativni_2": ""
            }
        },
        {
            "title": "From Dusk Till Dawn 2: Texas Blood Money",
            "year": 1999,
            "plot": "From Dusk Till Dawn 2: Texas Blood Money",
            "thumb": "https:\/\/m.media-amazon.com\/images\/M\/MV5BNDY0MTljNWUtNzhlMy00ZTNmLTk0ZGQtYzI4MTBhMzg0MWQ4XkEyXkFqcGc@._V1_FMjpg_UX1000_.jpg",
            "link_groups": {
                "glavni": "https:\/\/www.file-upload.org\/zzj6jbll3ey5",
                "alternativni_1": "",
                "alternativni_2": ""
            }
        },
        {
            "title": "From Dusk Till Dawn 3: The Hangman's Daughter",
            "year": 1999,
            "plot": "From Dusk Till Dawn 3: The Hangman's Daughter",
            "thumb": "https:\/\/m.media-amazon.com\/images\/M\/MV5BMGJlMDkzMDAtMDhkYy00YjBmLWEzZjktYzZjNmQ4MTQ5Yjk4XkEyXkFqcGc@._V1_.jpg",
            "link_groups": {
                "glavni": "https:\/\/www.file-upload.org\/c7oq3uiljh1c",
                "alternativni_1": "",
                "alternativni_2": ""
            }
        }
    ]
}