{
    "title": "Bloodsport",
    "plot": "Bloodsport",
    "thumb": "https:\/\/m.media-amazon.com\/images\/I\/71xe7nxKUUL._AC_UF894,1000_QL80_.jpg",
    "type": "kolekcije",
    "created_at": "2025-06-05 20:04:08",
    "movies": [
        {
            "title": "Bloodsport",
            "year": 1988,
            "plot": "Bloodsport",
            "thumb": "https:\/\/m.media-amazon.com\/images\/M\/MV5BMTQwOTgzNjkzMl5BMl5BanBnXkFtZTcwMjgxNDcyNA@@._V1_.jpg",
            "link_groups": {
                "glavni": "https:\/\/www.file-upload.org\/kqy1aw0aaodu",
                "alternativni_1": "",
                "alternativni_2": ""
            }
        },
        {
            "title": "Bloodsport 2",
            "year": 1996,
            "plot": "Bloodsport 2",
            "thumb": "https:\/\/m.media-amazon.com\/images\/M\/MV5BYTMwZTIxYzktNzY3YS00NzBlLWFlNzgtMDliODJjZjZmM2E4XkEyXkFqcGc@._V1_FMjpg_UX1000_.jpg",
            "link_groups": {
                "glavni": "https:\/\/www.file-upload.org\/sn4zfkbmgax8",
                "alternativni_1": "",
                "alternativni_2": ""
            }
        },
        {
            "title": "Bloodsport III",
            "year": 1997,
            "plot": "Bloodsport III",
            "thumb": "https:\/\/m.media-amazon.com\/images\/M\/MV5BMTM3OTQzMDA2Nl5BMl5BanBnXkFtZTcwNzYwNTkxMQ@@._V1_.jpg",
            "link_groups": {
                "glavni": "https:\/\/www.file-upload.org\/w63i4bzemz89",
                "alternativni_1": "",
                "alternativni_2": ""
            }
        },
        {
            "title": "Bloodsport: The Dark Kumite",
            "year": 1999,
            "plot": "Bloodsport: The Dark Kumite",
            "thumb": "https:\/\/m.media-amazon.com\/images\/M\/MV5BMTk5NDQ2NzMyN15BMl5BanBnXkFtZTYwNTEwNTY5._V1_.jpg",
            "link_groups": {
                "glavni": "https:\/\/www.file-upload.org\/b19cofanoq05",
                "alternativni_1": "",
                "alternativni_2": ""
            }
        }
    ]
}