{
    "title": "Creed",
    "plot": "Creed",
    "thumb": "https:\/\/m.media-amazon.com\/images\/I\/71JatJk8PaL._AC_UF894,1000_QL80_.jpg",
    "type": "kolekcije",
    "created_at": "2025-06-06 01:03:08",
    "movies": [
        {
            "title": "Creed",
            "year": 2015,
            "plot": "Creed",
            "thumb": "https:\/\/m.media-amazon.com\/images\/M\/MV5BMjY0NjYxMGQtZDAxMy00ZjBjLTg5ZGMtZjgxNDlmZDNlOTdjXkEyXkFqcGc@._V1_.jpg",
            "link_groups": {
                "glavni": "https:\/\/www.mp4upload.com\/fhlvtdddmx3d",
                "alternativni_1": "https:\/\/1uploadflix.net\/6z19uxgtobwu",
                "alternativni_2": "https:\/\/srbe84.vidplayer.live\/#t1oq9"
            }
        },
        {
            "title": "Creed II",
            "year": 2018,
            "plot": "Creed II",
            "thumb": "https:\/\/m.media-amazon.com\/images\/M\/MV5BNDRhNDEzNjQtYTZmZC00YTVmLTg5NjItZTYyYzc0ZGMwNjhkXkEyXkFqcGc@._V1_.jpg",
            "link_groups": {
                "glavni": "https:\/\/www.mp4upload.com\/bcj7z8x3ojro",
                "alternativni_1": "https:\/\/1uploadflix.net\/ogczn21onprm",
                "alternativni_2": "https:\/\/srbe84.vidplayer.live\/#dphw6"
            }
        },
        {
            "title": "Creed III",
            "year": 2023,
            "plot": "Creed III",
            "thumb": "https:\/\/m.media-amazon.com\/images\/M\/MV5BOWY0MTRmY2YtMzBlYi00NjlkLThkZWYtMmE2NzJiZmIzODFkXkEyXkFqcGc@._V1_FMjpg_UX1000_.jpg",
            "link_groups": {
                "glavni": "https:\/\/www.mp4upload.com\/c5sgqc0w6s1p",
                "alternativni_1": "https:\/\/1uploadflix.net\/5rk1b8vqxbob",
                "alternativni_2": "https:\/\/srbe84.vidplayer.live\/#lb8wk"
            }
        }
    ],
    "last_updated": "2026-01-14 19:01:54"
}