{
    "title": "Creed",
    "plot": "Creed",
    "thumb": "https:\/\/m.media-amazon.com\/images\/I\/71JatJk8PaL._AC_UF894,1000_QL80_.jpg",
    "type": "kolekcije",
    "created_at": "2025-06-06 01:03:08",
    "movies": [
        {
            "title": "Creed (2015)",
            "year": 2015,
            "plot": "Creed",
            "thumb": "https:\/\/m.media-amazon.com\/images\/M\/MV5BMjY0NjYxMGQtZDAxMy00ZjBjLTg5ZGMtZjgxNDlmZDNlOTdjXkEyXkFqcGc@._V1_.jpg",
            "link_groups": {
                "glavni": "https:\/\/www.file-upload.org\/mstv115yv2pe",
                "alternativni_1": "",
                "alternativni_2": ""
            }
        },
        {
            "title": "Creed II (2018)",
            "year": 2018,
            "plot": "Creed II",
            "thumb": "https:\/\/m.media-amazon.com\/images\/M\/MV5BNDRhNDEzNjQtYTZmZC00YTVmLTg5NjItZTYyYzc0ZGMwNjhkXkEyXkFqcGc@._V1_.jpg",
            "link_groups": {
                "glavni": "https:\/\/www.file-upload.org\/u5e9b924fkqz",
                "alternativni_1": "",
                "alternativni_2": ""
            }
        },
        {
            "title": "Creed III (2023)",
            "year": 2023,
            "plot": "Creed III",
            "thumb": "https:\/\/m.media-amazon.com\/images\/M\/MV5BOWY0MTRmY2YtMzBlYi00NjlkLThkZWYtMmE2NzJiZmIzODFkXkEyXkFqcGc@._V1_FMjpg_UX1000_.jpg",
            "link_groups": {
                "glavni": "https:\/\/www.file-upload.org\/9tt6bag3aym2",
                "alternativni_1": "",
                "alternativni_2": ""
            }
        }
    ],
    "last_updated": "2025-06-06 21:21:48"
}