{
    "title": "Species",
    "plot": "Species",
    "thumb": "https:\/\/musicart.xboxlive.com\/7\/c5a25100-0000-0000-0000-000000000002\/504\/image.jpg",
    "type": "kolekcije",
    "created_at": "2025-08-27 23:21:33",
    "movies": [
        {
            "title": "Species",
            "year": 1995,
            "plot": "Species",
            "thumb": "https:\/\/m.media-amazon.com\/images\/M\/MV5BMjEzOTkxNTcyM15BMl5BanBnXkFtZTcwOTk0MjI3NA@@._V1_FMjpg_UX1000_.jpg",
            "link_groups": {
                "glavni": "https:\/\/www.file-upload.org\/g51hss3axfgi",
                "alternativni_1": "https:\/\/listeamed.net\/e\/ZMVoErz7JgwE9Pa\/Species1995.mkv",
                "alternativni_2": ""
            }
        },
        {
            "title": "Species II",
            "year": 1998,
            "plot": "Species II",
            "thumb": "https:\/\/m.media-amazon.com\/images\/M\/MV5BZmM0OTQyMzEtZGRjMS00NWVjLWFkOWMtNjg2ZDY4ZGQ0YWY4XkEyXkFqcGc@._V1_FMjpg_UX1000_.jpg",
            "link_groups": {
                "glavni": "https:\/\/www.file-upload.org\/9ebko624jglb",
                "alternativni_1": "https:\/\/listeamed.net\/e\/VqbX53LKmWdxQzp\/SpeciesII1998.mkv",
                "alternativni_2": ""
            }
        },
        {
            "title": "Species III",
            "year": 2004,
            "plot": "Species III",
            "thumb": "https:\/\/m.media-amazon.com\/images\/M\/MV5BMTYzMzExODAzNl5BMl5BanBnXkFtZTcwMDI4MDM3NA@@._V1_.jpg",
            "link_groups": {
                "glavni": "https:\/\/www.file-upload.org\/2ts5jk24c3qz",
                "alternativni_1": "https:\/\/listeamed.net\/e\/e028E6GdZAYOYAv\/SpeciesIII2004.mkv",
                "alternativni_2": ""
            }
        },
        {
            "title": "Species: The Awakening",
            "year": 2007,
            "plot": "Species: The Awakening",
            "thumb": "https:\/\/m.media-amazon.com\/images\/M\/MV5BMTMwNjA1OTAzOF5BMl5BanBnXkFtZTcwNjgxMTM4NA@@._V1_.jpg",
            "link_groups": {
                "glavni": "https:\/\/www.file-upload.org\/guc17a4e7h53",
                "alternativni_1": "https:\/\/listeamed.net\/e\/vQBYEbKRW9QOn1m\/SpeciesTheAwakening2007.mkv",
                "alternativni_2": ""
            }
        }
    ]
}