{
    "title": "Star Wars",
    "plot": "Star Wars",
    "thumb": "https:\/\/images.squarespace-cdn.com\/content\/v1\/5ade2895e2ccd1a1e9ca7abc\/1577723354185-4G2DZIXCLUG43CZ312V6\/saga.jpg",
    "type": "kolekcije",
    "created_at": "2025-05-29 21:48:23",
    "movies": [
        {
            "title": "Star Wars: Episode IV - A New Hope",
            "year": 1977,
            "plot": "Star Wars: Episode IV - A New Hope",
            "thumb": "https:\/\/m.media-amazon.com\/images\/M\/MV5BZDFlM2YzMTctZTExNy00ZGJmLTk5M2QtZTJhOTcxNzk1Zjk0XkEyXkFqcGc@._V1_.jpg",
            "link_groups": {
                "glavni": "https:\/\/www.file-upload.org\/0htot2m3r3ff",
                "alternativni_1": "",
                "alternativni_2": ""
            }
        },
        {
            "title": "Star Wars: Episode V - The Empire Strikes Back",
            "year": 1980,
            "plot": "Star Wars: Episode V - The Empire Strikes Back",
            "thumb": "https:\/\/m.media-amazon.com\/images\/M\/MV5BMTkxNGFlNDktZmJkNC00MDdhLTg0MTEtZjZiYWI3MGE5NWIwXkEyXkFqcGc@._V1_.jpg",
            "link_groups": {
                "glavni": "https:\/\/www.file-upload.org\/6j1oehh6jety",
                "alternativni_1": "",
                "alternativni_2": ""
            }
        },
        {
            "title": "Star Wars: Episode VI - Return of the Jedi",
            "year": 1983,
            "plot": "Star Wars: Episode VI - Return of the Jedi",
            "thumb": "https:\/\/m.media-amazon.com\/images\/M\/MV5BNWEwOTI0MmUtMGNmNy00ODViLTlkZDQtZTg1YmQ3MDgyNTUzXkEyXkFqcGc@._V1_.jpg",
            "link_groups": {
                "glavni": "https:\/\/www.file-upload.org\/u7ry1x2i8ra6",
                "alternativni_1": "",
                "alternativni_2": ""
            }
        },
        {
            "title": "Star Wars: Episode I - The Phantom Menace",
            "year": 1999,
            "plot": "Star Wars: Episode I - The Phantom Menace",
            "thumb": "https:\/\/m.media-amazon.com\/images\/M\/MV5BODVhNGIxOGItYWNlMi00YTA0LWI3NTctZmQxZGUwZDEyZWI4XkEyXkFqcGc@._V1_FMjpg_UX1000_.jpg",
            "link_groups": {
                "glavni": "https:\/\/www.file-upload.org\/iazt24t89jod",
                "alternativni_1": "",
                "alternativni_2": ""
            }
        },
        {
            "title": "Star Wars: Episode II - Attack of the Clones",
            "year": 2002,
            "plot": "Star Wars: Episode II - Attack of the Clones",
            "thumb": "https:\/\/m.media-amazon.com\/images\/M\/MV5BNTgxMjY2YzUtZmVmNC00YjAwLWJlODMtNDBhNzllNzIzMjgxXkEyXkFqcGc@._V1_FMjpg_UX1000_.jpg",
            "link_groups": {
                "glavni": "https:\/\/www.file-upload.org\/c21hz5lze2ij",
                "alternativni_1": "",
                "alternativni_2": ""
            }
        },
        {
            "title": "Star Wars: Episode III - Revenge of the Sith",
            "year": 2005,
            "plot": "Star Wars: Episode III - Revenge of the Sith",
            "thumb": "https:\/\/m.media-amazon.com\/images\/M\/MV5BNTc4MTc3NTQ5OF5BMl5BanBnXkFtZTcwOTg0NjI4NA@@._V1_.jpg",
            "link_groups": {
                "glavni": "https:\/\/www.file-upload.org\/ztekepo6frd9",
                "alternativni_1": "",
                "alternativni_2": ""
            }
        },
        {
            "title": "Star Wars: Episode VII - The Force Awakens",
            "year": 2015,
            "plot": "Star Wars: Episode VII - The Force Awakens",
            "thumb": "https:\/\/m.media-amazon.com\/images\/M\/MV5BOTAzODEzNDAzMl5BMl5BanBnXkFtZTgwMDU1MTgzNzE@._V1_FMjpg_UX1000_.jpg",
            "link_groups": {
                "glavni": "https:\/\/www.file-upload.org\/awnr9f0ujiti",
                "alternativni_1": "",
                "alternativni_2": ""
            }
        },
        {
            "title": "Rogue One: A Star Wars Story",
            "year": 2016,
            "plot": "Rogue One: A Star Wars Story",
            "thumb": "https:\/\/m.media-amazon.com\/images\/M\/MV5BMjEwMzMxODIzOV5BMl5BanBnXkFtZTgwNzg3OTAzMDI@._V1_.jpg",
            "link_groups": {
                "glavni": "https:\/\/www.file-upload.org\/zvcrg1d75u3i",
                "alternativni_1": "",
                "alternativni_2": ""
            }
        },
        {
            "title": "Star Wars: Episode VIII - The Last Jedi",
            "year": 2017,
            "plot": "Star Wars: Episode VIII - The Last Jedi",
            "thumb": "https:\/\/m.media-amazon.com\/images\/M\/MV5BMjQ1MzcxNjg4N15BMl5BanBnXkFtZTgwNzgwMjY4MzI@._V1_FMjpg_UX1000_.jpg",
            "link_groups": {
                "glavni": "https:\/\/www.file-upload.org\/xrbffi3z1wcc",
                "alternativni_1": "",
                "alternativni_2": ""
            }
        },
        {
            "title": "Solo: A Star Wars Story",
            "year": 2018,
            "plot": "Solo: A Star Wars Story",
            "thumb": "https:\/\/m.media-amazon.com\/images\/M\/MV5BOTM2NTI3NTc3Nl5BMl5BanBnXkFtZTgwNzM1OTQyNTM@._V1_FMjpg_UX1000_.jpg",
            "link_groups": {
                "glavni": "https:\/\/www.file-upload.org\/7ajuwdb4agas",
                "alternativni_1": "",
                "alternativni_2": ""
            }
        },
        {
            "title": "Star Wars: Episode IX - The Rise of Skywalker",
            "year": 2019,
            "plot": "Star Wars: Episode IX - The Rise of Skywalker",
            "thumb": "https:\/\/m.media-amazon.com\/images\/M\/MV5BODg5ZTNmMTUtYThlNy00NjljLWE0MGUtYmQ1NDg4NWU5MjQ1XkEyXkFqcGc@._V1_.jpg",
            "link_groups": {
                "glavni": "https:\/\/www.file-upload.org\/nytc8urigddz",
                "alternativni_1": "",
                "alternativni_2": ""
            }
        }
    ],
    "last_updated": "2025-06-22 17:49:24"
}