{
    "title": "Back to the Future",
    "plot": "Back to the Future",
    "thumb": "https:\/\/res.cloudinary.com\/jerrick\/image\/upload\/d_642250b563292b35f27461a7.png,f_jpg,q_auto,w_720\/mynkatcrirmslqnnbhds.jpg",
    "type": "kolekcije",
    "created_at": "2025-06-05 16:17:06",
    "movies": [
        {
            "title": "Back to the Future",
            "year": 1985,
            "plot": "Back to the Future",
            "thumb": "https:\/\/m.media-amazon.com\/images\/M\/MV5BZmM3ZjE0NzctNjBiOC00MDZmLTgzMTUtNGVlOWFlOTNiZDJiXkEyXkFqcGc@._V1_.jpg",
            "link_groups": {
                "glavni": "https:\/\/www.file-upload.org\/s01yluglw477",
                "alternativni_1": "",
                "alternativni_2": ""
            }
        },
        {
            "title": "Back to the Future Part II",
            "year": 1989,
            "plot": "Back to the Future Part II",
            "thumb": "https:\/\/m.media-amazon.com\/images\/M\/MV5BMTNlOTRmOTEtMTAyMi00NjFiLTk3NDMtNWI0YzA3ZTZlYjZiXkEyXkFqcGc@._V1_FMjpg_UX1000_.jpg",
            "link_groups": {
                "glavni": "https:\/\/www.file-upload.org\/2mqlipdkjbd0",
                "alternativni_1": "",
                "alternativni_2": ""
            }
        },
        {
            "title": "Back to the Future Part III",
            "year": 1990,
            "plot": "Back to the Future Part III",
            "thumb": "https:\/\/m.media-amazon.com\/images\/M\/MV5BNTNkNzJmY2MtOGNjYi00NDJmLWIyZTQtNmFmMGQ5M2VlOTI0XkEyXkFqcGc@._V1_.jpg",
            "link_groups": {
                "glavni": "https:\/\/www.file-upload.org\/xb9rddc5slgz",
                "alternativni_1": "",
                "alternativni_2": ""
            }
        }
    ],
    "last_updated": "2025-09-11 19:08:03"
}