{
    "title": "Avatar",
    "plot": "Avatar",
    "thumb": "https:\/\/image.tmdb.org\/t\/p\/original\/gC3tW9a45RGOzzSh6wv91pFnmFr.jpg",
    "type": "kolekcije",
    "created_at": "2025-06-04 23:16:09",
    "movies": [
        {
            "title": "Avatar",
            "year": 2009,
            "plot": "Avatar",
            "thumb": "https:\/\/m.media-amazon.com\/images\/M\/MV5BMDEzMmQwZjctZWU2My00MWNlLWE0NjItMDJlYTRlNGJiZjcyXkEyXkFqcGc@._V1_FMjpg_UX1000_.jpg",
            "link_groups": {
                "glavni": "https:\/\/www.file-upload.org\/lr09sohhkgjj",
                "alternativni_1": "",
                "alternativni_2": ""
            }
        },
        {
            "title": "Avatar: The Way of Water",
            "year": 2022,
            "plot": "Avatar: The Way of Water",
            "thumb": "https:\/\/m.media-amazon.com\/images\/M\/MV5BNmQxNjZlZTctMWJiMC00NGMxLWJjNTctNTFiNjA1Njk3ZDQ5XkEyXkFqcGc@._V1_FMjpg_UX1000_.jpg",
            "link_groups": {
                "glavni": "https:\/\/www.file-upload.org\/rhaawcb1ttgd",
                "alternativni_1": "",
                "alternativni_2": ""
            }
        }
    ],
    "last_updated": "2025-06-22 17:52:15"
}