{
    "title": "The Cleaning Lady",
    "plot": "The Cleaning Lady",
    "thumb": "https:\/\/m.media-amazon.com\/images\/M\/MV5BZWFlYzk1YWYtNmEzYy00MWEyLWFiMTktZDg0MmE3ODMzNWZlXkEyXkFqcGc@._V1_.jpg",
    "type": "serije",
    "created_at": "2025-05-27 19:08:46",
    "seasons": {
        "1": {
            "title": "Sezona 1",
            "episodes": [
                {
                    "episode_number": 1,
                    "title": "Epizoda 1",
                    "link_groups": {
                        "glavni": [
                            "https:\/\/www.file-upload.org\/payg10vglyoe"
                        ],
                        "alternativni_1": [
                            "https:\/\/listeamed.net\/e\/PlBVEZe0rlLxDv9\/S01E01.mkv"
                        ],
                        "alternativni_2": []
                    }
                },
                {
                    "episode_number": 2,
                    "title": "Epizoda 2",
                    "link_groups": {
                        "glavni": [
                            "https:\/\/www.file-upload.org\/te4645cw2k61"
                        ],
                        "alternativni_1": [
                            "https:\/\/listeamed.net\/e\/VqbX53LgdRzxQzp\/S01E02.mkv"
                        ],
                        "alternativni_2": []
                    }
                },
                {
                    "episode_number": 3,
                    "title": "Epizoda 3",
                    "link_groups": {
                        "glavni": [
                            "https:\/\/www.file-upload.org\/d0gesism7czu"
                        ],
                        "alternativni_1": [
                            "https:\/\/listeamed.net\/e\/qM1VOPnN6RXxo4k\/S01E03.mkv"
                        ],
                        "alternativni_2": []
                    }
                },
                {
                    "episode_number": 4,
                    "title": "Epizoda 4",
                    "link_groups": {
                        "glavni": [
                            "https:\/\/www.file-upload.org\/6mf0enytysip"
                        ],
                        "alternativni_1": [
                            "https:\/\/listeamed.net\/e\/ZMVoErz86JYE9Pa\/S01E04.mkv"
                        ],
                        "alternativni_2": []
                    }
                },
                {
                    "episode_number": 5,
                    "title": "Epizoda 5",
                    "link_groups": {
                        "glavni": [
                            "https:\/\/www.file-upload.org\/o2irypqakj2y"
                        ],
                        "alternativni_1": [
                            "https:\/\/listeamed.net\/e\/MAlwEMRYypbOJ39\/S01E05.mkv"
                        ],
                        "alternativni_2": []
                    }
                },
                {
                    "episode_number": 6,
                    "title": "Epizoda 6",
                    "link_groups": {
                        "glavni": [
                            "https:\/\/www.file-upload.org\/llrwn2l0u34c"
                        ],
                        "alternativni_1": [
                            "https:\/\/listeamed.net\/e\/0DogOGJM2GGEKjM\/S01E06.mkv"
                        ],
                        "alternativni_2": []
                    }
                },
                {
                    "episode_number": 7,
                    "title": "Epizoda 7",
                    "link_groups": {
                        "glavni": [
                            "https:\/\/www.file-upload.org\/5hcev6cqoutu"
                        ],
                        "alternativni_1": [
                            "https:\/\/listeamed.net\/e\/qA3WOmVGXRN5Kkz\/S01E07.mkv"
                        ],
                        "alternativni_2": []
                    }
                },
                {
                    "episode_number": 8,
                    "title": "Epizoda 8",
                    "link_groups": {
                        "glavni": [
                            "https:\/\/www.file-upload.org\/3bpjke79dv8x"
                        ],
                        "alternativni_1": [
                            "https:\/\/listeamed.net\/e\/3Q0lxBmWpBG5j1J\/S01E08.mkv"
                        ],
                        "alternativni_2": []
                    }
                },
                {
                    "episode_number": 9,
                    "title": "Epizoda 9",
                    "link_groups": {
                        "glavni": [
                            "https:\/\/www.file-upload.org\/h6ly7782azdo"
                        ],
                        "alternativni_1": [
                            "https:\/\/listeamed.net\/e\/njJYOdq3pGn5e9o\/S01E09.mkv"
                        ],
                        "alternativni_2": []
                    }
                },
                {
                    "episode_number": 10,
                    "title": "Epizoda 10",
                    "link_groups": {
                        "glavni": [
                            "https:\/\/www.file-upload.org\/ihb74bnnp4nz"
                        ],
                        "alternativni_1": [
                            "https:\/\/listeamed.net\/e\/P0poO1m0zvkOz17\/S01E10.mkv"
                        ],
                        "alternativni_2": []
                    }
                }
            ]
        },
        "2": {
            "title": "Sezona 2",
            "episodes": [
                {
                    "episode_number": 1,
                    "title": "Epizoda 1",
                    "link_groups": {
                        "glavni": [
                            "https:\/\/www.file-upload.org\/yqgkmyeci512"
                        ],
                        "alternativni_1": [
                            "https:\/\/listeamed.net\/e\/8lKQxYpVB675DGY\/S02E01.mkv"
                        ],
                        "alternativni_2": []
                    }
                },
                {
                    "episode_number": 2,
                    "title": "Epizoda 2",
                    "link_groups": {
                        "glavni": [
                            "https:\/\/www.file-upload.org\/q3fl74eh2fct"
                        ],
                        "alternativni_1": [
                            "https:\/\/listeamed.net\/e\/27BaOn7102R5MDX\/S02E02.mkv"
                        ],
                        "alternativni_2": []
                    }
                },
                {
                    "episode_number": 3,
                    "title": "Epizoda 3",
                    "link_groups": {
                        "glavni": [
                            "https:\/\/www.file-upload.org\/79iihlnwah1h"
                        ],
                        "alternativni_1": [
                            "https:\/\/listeamed.net\/e\/k3gG5qo3lJZE1N2\/S02E03.mkv"
                        ],
                        "alternativni_2": []
                    }
                },
                {
                    "episode_number": 4,
                    "title": "Epizoda 4",
                    "link_groups": {
                        "glavni": [
                            "https:\/\/www.file-upload.org\/i39hapny4jy3"
                        ],
                        "alternativni_1": [
                            "https:\/\/listeamed.net\/e\/4bQVOjR7wvwOwKm\/S02E04.mkv"
                        ],
                        "alternativni_2": []
                    }
                },
                {
                    "episode_number": 5,
                    "title": "Epizoda 5",
                    "link_groups": {
                        "glavni": [
                            "https:\/\/www.file-upload.org\/oym2qzhjzw25"
                        ],
                        "alternativni_1": [
                            "https:\/\/listeamed.net\/e\/KrdZ5kgdab05mX4\/S02E05.mkv"
                        ],
                        "alternativni_2": []
                    }
                },
                {
                    "episode_number": 6,
                    "title": "Epizoda 6",
                    "link_groups": {
                        "glavni": [
                            "https:\/\/www.file-upload.org\/87tqmx9nf6y3"
                        ],
                        "alternativni_1": [
                            "https:\/\/listeamed.net\/e\/MAlwEMRYybqOJ39\/S02E06.mkv"
                        ],
                        "alternativni_2": []
                    }
                },
                {
                    "episode_number": 7,
                    "title": "Epizoda 7",
                    "link_groups": {
                        "glavni": [
                            "https:\/\/www.file-upload.org\/2lnl3kvg5ov5"
                        ],
                        "alternativni_1": [
                            "https:\/\/listeamed.net\/e\/0DogOGJM24jEKjM\/S02E07.mkv"
                        ],
                        "alternativni_2": []
                    }
                },
                {
                    "episode_number": 8,
                    "title": "Epizoda 8",
                    "link_groups": {
                        "glavni": [
                            "https:\/\/www.file-upload.org\/ce8i4wyf8vcz"
                        ],
                        "alternativni_1": [
                            "https:\/\/listeamed.net\/e\/njJYOdq3pMn5e9o\/S02E08.mkv"
                        ],
                        "alternativni_2": []
                    }
                },
                {
                    "episode_number": 9,
                    "title": "Epizoda 9",
                    "link_groups": {
                        "glavni": [
                            "https:\/\/www.file-upload.org\/u1ent9dlyikw"
                        ],
                        "alternativni_1": [
                            "https:\/\/listeamed.net\/e\/qA3WOmVGXo35Kkz\/S02E09.mkv"
                        ],
                        "alternativni_2": []
                    }
                },
                {
                    "episode_number": 10,
                    "title": "Epizoda 10",
                    "link_groups": {
                        "glavni": [
                            "https:\/\/www.file-upload.org\/z35fah5tpo1s"
                        ],
                        "alternativni_1": [
                            "https:\/\/listeamed.net\/e\/NMRLEpor8JWxXaG\/S02E10.mkv"
                        ],
                        "alternativni_2": []
                    }
                },
                {
                    "episode_number": 11,
                    "title": "Epizoda 11",
                    "link_groups": {
                        "glavni": [
                            "https:\/\/www.file-upload.org\/125s8ve0mss3"
                        ],
                        "alternativni_1": [
                            "https:\/\/listeamed.net\/e\/MAlwEMRYyoqOJ39\/S02E11.mkv"
                        ],
                        "alternativni_2": []
                    }
                },
                {
                    "episode_number": 12,
                    "title": "Epizoda 12",
                    "link_groups": {
                        "glavni": [
                            "https:\/\/www.file-upload.org\/8akvh439tsf3"
                        ],
                        "alternativni_1": [
                            "https:\/\/listeamed.net\/e\/PlBVEZe0rn0xDv9\/S02E12.mkv"
                        ],
                        "alternativni_2": []
                    }
                }
            ]
        },
        "3": {
            "title": "Sezona 3",
            "episodes": [
                {
                    "episode_number": 1,
                    "title": "Epizoda 1",
                    "link_groups": {
                        "glavni": [
                            "https:\/\/www.file-upload.org\/b9cthusiuqcq"
                        ],
                        "alternativni_1": [
                            "https:\/\/listeamed.net\/e\/3Q0lxBmWpLm5j1J\/S03E01.mkv"
                        ],
                        "alternativni_2": []
                    }
                },
                {
                    "episode_number": 2,
                    "title": "Epizoda 2",
                    "link_groups": {
                        "glavni": [
                            "https:\/\/www.file-upload.org\/bj24ikspz44w"
                        ],
                        "alternativni_1": [
                            "https:\/\/listeamed.net\/e\/P0poO1m0zlLOz17\/S03E02.mkv"
                        ],
                        "alternativni_2": []
                    }
                },
                {
                    "episode_number": 3,
                    "title": "Epizoda 3",
                    "link_groups": {
                        "glavni": [
                            "https:\/\/www.file-upload.org\/8tjmsug5zzmk"
                        ],
                        "alternativni_1": [
                            "https:\/\/listeamed.net\/e\/4bQVOjR7wn3OwKm\/S03E03.mkv"
                        ],
                        "alternativni_2": []
                    }
                },
                {
                    "episode_number": 4,
                    "title": "Epizoda 4",
                    "link_groups": {
                        "glavni": [
                            "https:\/\/www.file-upload.org\/j65nvcvv1ilw"
                        ],
                        "alternativni_1": [
                            "https:\/\/listeamed.net\/e\/qA3WOmVGXn95Kkz\/S03E04.mkv"
                        ],
                        "alternativni_2": []
                    }
                },
                {
                    "episode_number": 5,
                    "title": "Epizoda 5",
                    "link_groups": {
                        "glavni": [
                            "https:\/\/www.file-upload.org\/svr3gq0mt3i7"
                        ],
                        "alternativni_1": [
                            "https:\/\/listeamed.net\/e\/MAlwEMRYyX4OJ39\/S03E05.mkv"
                        ],
                        "alternativni_2": []
                    }
                },
                {
                    "episode_number": 6,
                    "title": "Epizoda 6",
                    "link_groups": {
                        "glavni": [
                            "https:\/\/www.file-upload.org\/mavtr9fwzuio"
                        ],
                        "alternativni_1": [
                            "https:\/\/listeamed.net\/e\/0DogOGJM2RrEKjM\/S03E06.mkv"
                        ],
                        "alternativni_2": []
                    }
                },
                {
                    "episode_number": 7,
                    "title": "Epizoda 7",
                    "link_groups": {
                        "glavni": [
                            "https:\/\/www.file-upload.org\/zbx9g5blfbu0"
                        ],
                        "alternativni_1": [
                            "https:\/\/listeamed.net\/e\/VqbX53Lgd7GxQzp\/S03E07.mkv"
                        ],
                        "alternativni_2": []
                    }
                },
                {
                    "episode_number": 8,
                    "title": "Epizoda 8",
                    "link_groups": {
                        "glavni": [
                            "https:\/\/www.file-upload.org\/z7skxsq6jhw1"
                        ],
                        "alternativni_1": [
                            "https:\/\/listeamed.net\/e\/7QWN5emyvk059oR\/S03E08.mkv"
                        ],
                        "alternativni_2": []
                    }
                },
                {
                    "episode_number": 9,
                    "title": "Epizoda 9",
                    "link_groups": {
                        "glavni": [
                            "https:\/\/www.file-upload.org\/go2h1fgnicws"
                        ],
                        "alternativni_1": [
                            "https:\/\/listeamed.net\/e\/Ro7kOVDVZnmxZWB\/S03E09.mkv"
                        ],
                        "alternativni_2": []
                    }
                },
                {
                    "episode_number": 10,
                    "title": "Epizoda 10",
                    "link_groups": {
                        "glavni": [
                            "https:\/\/www.file-upload.org\/4dqx1k3s613l"
                        ],
                        "alternativni_1": [
                            "https:\/\/listeamed.net\/e\/njJYOdq3pJb5e9o\/S03E10.mkv"
                        ],
                        "alternativni_2": []
                    }
                },
                {
                    "episode_number": 11,
                    "title": "Epizoda 11",
                    "link_groups": {
                        "glavni": [
                            "https:\/\/www.file-upload.org\/7ynpata3jsvo"
                        ],
                        "alternativni_1": [
                            "https:\/\/listeamed.net\/e\/rabVOQLQ7lNEKdW\/S03E11.mkv"
                        ],
                        "alternativni_2": []
                    }
                },
                {
                    "episode_number": 12,
                    "title": "Epizoda 12",
                    "link_groups": {
                        "glavni": [
                            "https:\/\/www.file-upload.org\/qun4x1s0g5m4"
                        ],
                        "alternativni_1": [
                            "https:\/\/listeamed.net\/e\/3Q0lxBmWpAm5j1J\/S03E12.mkv"
                        ],
                        "alternativni_2": []
                    }
                }
            ]
        },
        "4": {
            "title": "Sezona 4",
            "episodes": [
                {
                    "episode_number": 1,
                    "title": "Epizoda 1",
                    "link_groups": {
                        "glavni": [
                            "https:\/\/www.file-upload.org\/7p02m0afk8gt"
                        ],
                        "alternativni_1": [
                            "https:\/\/listeamed.net\/e\/4bQVOjR7w63OwKm\/S04E01.mkv"
                        ],
                        "alternativni_2": []
                    }
                },
                {
                    "episode_number": 2,
                    "title": "Epizoda 2",
                    "link_groups": {
                        "glavni": [
                            "https:\/\/www.file-upload.org\/t10rrt4xgjhq"
                        ],
                        "alternativni_1": [
                            "https:\/\/listeamed.net\/e\/0DogOGJM2YrEKjM\/S04E02.mkv"
                        ],
                        "alternativni_2": []
                    }
                },
                {
                    "episode_number": 3,
                    "title": "Epizoda 3",
                    "link_groups": {
                        "glavni": [
                            "https:\/\/www.file-upload.org\/j8dle8lo39jz"
                        ],
                        "alternativni_1": [
                            "https:\/\/listeamed.net\/e\/edVqE49rZY1OYWm\/S04E03.mkv"
                        ],
                        "alternativni_2": []
                    }
                },
                {
                    "episode_number": 4,
                    "title": "Epizoda 4",
                    "link_groups": {
                        "glavni": [
                            "https:\/\/www.file-upload.org\/oyw5p65xmo4v"
                        ],
                        "alternativni_1": [
                            "https:\/\/listeamed.net\/e\/mMq75LD80Yw5XPB\/S04E04.mkv"
                        ],
                        "alternativni_2": []
                    }
                },
                {
                    "episode_number": 5,
                    "title": "Epizoda 5",
                    "link_groups": {
                        "glavni": [
                            "https:\/\/www.file-upload.org\/2gdvf5mnryfe"
                        ],
                        "alternativni_1": [
                            "https:\/\/listeamed.net\/e\/dNjgOl74JgXE9Wn\/S04E05.mkv"
                        ],
                        "alternativni_2": []
                    }
                },
                {
                    "episode_number": 6,
                    "title": "Epizoda 6",
                    "link_groups": {
                        "glavni": [
                            "https:\/\/www.file-upload.org\/i2c9xxenkcro"
                        ],
                        "alternativni_1": [
                            "https:\/\/listeamed.net\/e\/NMRLEpor8q4xXaG\/S04E06.mkv"
                        ],
                        "alternativni_2": []
                    }
                },
                {
                    "episode_number": 7,
                    "title": "Epizoda 7",
                    "link_groups": {
                        "glavni": [
                            "https:\/\/www.file-upload.org\/u5dhqlo5nn2c"
                        ],
                        "alternativni_1": [
                            "https:\/\/listeamed.net\/e\/l4vexvoDNN3E8B9\/S04E07.mkv"
                        ],
                        "alternativni_2": []
                    }
                },
                {
                    "episode_number": 8,
                    "title": "Epizoda 8",
                    "link_groups": {
                        "glavni": [
                            "https:\/\/www.file-upload.org\/hyxvbkjwb340"
                        ],
                        "alternativni_1": [
                            "https:\/\/listeamed.net\/e\/mMq75LD80075XPB\/S04E08.mkv"
                        ],
                        "alternativni_2": []
                    }
                },
                {
                    "episode_number": 9,
                    "title": "Epizoda 9",
                    "link_groups": {
                        "glavni": [
                            "https:\/\/www.file-upload.org\/9pswh2bjh8tt"
                        ],
                        "alternativni_1": [
                            "https:\/\/listeamed.net\/e\/vQBYEbKNLLmOn1m\/S04E09.mkv"
                        ],
                        "alternativni_2": []
                    }
                },
                {
                    "episode_number": 10,
                    "title": "Epizoda 10",
                    "link_groups": {
                        "glavni": [
                            "https:\/\/www.file-upload.org\/dbo36ctm0mpw"
                        ],
                        "alternativni_1": [
                            "https:\/\/listeamed.net\/e\/6zeREa1DeeeEZPa\/S04E10.mkv"
                        ],
                        "alternativni_2": []
                    }
                },
                {
                    "episode_number": 11,
                    "title": "Epizoda 11",
                    "link_groups": {
                        "glavni": [
                            "https:\/\/www.file-upload.org\/7l6e6u3gawz0"
                        ],
                        "alternativni_1": [
                            "https:\/\/listeamed.net\/e\/g9Vd5J8WJJAEqQj\/S04E11.mkv"
                        ],
                        "alternativni_2": []
                    }
                },
                {
                    "episode_number": 12,
                    "title": "Epizoda 12",
                    "link_groups": {
                        "glavni": [
                            "https:\/\/www.file-upload.org\/p29590t6qrl9"
                        ],
                        "alternativni_1": [
                            "https:\/\/listeamed.net\/e\/pVa4E8LMrrgEkzM\/S04E12.mkv"
                        ],
                        "alternativni_2": []
                    }
                }
            ]
        }
    },
    "last_updated": "2025-06-27 22:55:19",
    "year": 2022
}