{
    "title": "Shadowhunters",
    "plot": "Shadowhunters",
    "thumb": "https:\/\/m.media-amazon.com\/images\/M\/MV5BOTEzZThhZDYtZGFhMy00Y2Q1LWE2ZmMtNzg2MjYxY2I2NzIxXkEyXkFqcGc@._V1_FMjpg_UX1000_.jpg",
    "type": "serije",
    "created_at": "2025-07-01 19:44:42",
    "year": 2016,
    "seasons": {
        "1": {
            "title": "Sezona 1",
            "episodes": [
                {
                    "episode_number": 1,
                    "title": "Epizoda 1",
                    "link_groups": {
                        "glavni": [],
                        "alternativni_1": [
                            "https:\/\/listeamed.net\/e\/k3gG5qobgLBE1N2\/S01E01.mkv"
                        ],
                        "alternativni_2": []
                    }
                },
                {
                    "episode_number": 2,
                    "title": "Epizoda 2",
                    "link_groups": {
                        "glavni": [],
                        "alternativni_1": [
                            "https:\/\/listeamed.net\/e\/njJYOdqkyZ75e9o\/S01E02.mkv"
                        ],
                        "alternativni_2": []
                    }
                },
                {
                    "episode_number": 3,
                    "title": "Epizoda 3",
                    "link_groups": {
                        "glavni": [],
                        "alternativni_1": [
                            "https:\/\/listeamed.net\/e\/QNB7xA6R43wE0WG\/S01E03.mkv"
                        ],
                        "alternativni_2": []
                    }
                },
                {
                    "episode_number": 4,
                    "title": "Epizoda 4",
                    "link_groups": {
                        "glavni": [],
                        "alternativni_1": [
                            "https:\/\/listeamed.net\/e\/edVqE49mK93OYWm\/S01E04.mkv"
                        ],
                        "alternativni_2": []
                    }
                },
                {
                    "episode_number": 5,
                    "title": "Epizoda 5",
                    "link_groups": {
                        "glavni": [],
                        "alternativni_1": [
                            "https:\/\/listeamed.net\/e\/ZMVoErzR7z8E9Pa\/S01E05.mkv"
                        ],
                        "alternativni_2": []
                    }
                },
                {
                    "episode_number": 6,
                    "title": "Epizoda 6",
                    "link_groups": {
                        "glavni": [],
                        "alternativni_1": [
                            "https:\/\/listeamed.net\/e\/3Q0lxBmNem85j1J\/S01E06.mkv"
                        ],
                        "alternativni_2": []
                    }
                },
                {
                    "episode_number": 7,
                    "title": "Epizoda 7",
                    "link_groups": {
                        "glavni": [],
                        "alternativni_1": [
                            "https:\/\/listeamed.net\/e\/4bQVOjRWyJ8OwKm\/S01E07.mkv"
                        ],
                        "alternativni_2": []
                    }
                },
                {
                    "episode_number": 8,
                    "title": "Epizoda 8",
                    "link_groups": {
                        "glavni": [],
                        "alternativni_1": [
                            "https:\/\/listeamed.net\/e\/0DogOGJeKJeEKjM\/S01E08.mkv"
                        ],
                        "alternativni_2": []
                    }
                },
                {
                    "episode_number": 9,
                    "title": "Epizoda 9",
                    "link_groups": {
                        "glavni": [],
                        "alternativni_1": [
                            "https:\/\/listeamed.net\/e\/PlBVEZemakwxDv9\/S01E09.mkv"
                        ],
                        "alternativni_2": []
                    }
                },
                {
                    "episode_number": 10,
                    "title": "Epizoda 10",
                    "link_groups": {
                        "glavni": [],
                        "alternativni_1": [
                            "https:\/\/listeamed.net\/e\/VqbX53L3KLBxQzp\/S01E10.mkv"
                        ],
                        "alternativni_2": []
                    }
                },
                {
                    "episode_number": 11,
                    "title": "Epizoda 11",
                    "link_groups": {
                        "glavni": [],
                        "alternativni_1": [
                            "https:\/\/listeamed.net\/e\/27BaOn74X4g5MDX\/S01E11.mkv"
                        ],
                        "alternativni_2": []
                    }
                },
                {
                    "episode_number": 12,
                    "title": "Epizoda 12",
                    "link_groups": {
                        "glavni": [],
                        "alternativni_1": [
                            "https:\/\/listeamed.net\/e\/QNB7xA6R48RE0WG\/S01E12.mkv"
                        ],
                        "alternativni_2": []
                    }
                },
                {
                    "episode_number": 13,
                    "title": "Epizoda 13",
                    "link_groups": {
                        "glavni": [],
                        "alternativni_1": [
                            "https:\/\/listeamed.net\/e\/njJYOdqkyB15e9o\/S01E13.mkv"
                        ],
                        "alternativni_2": []
                    }
                }
            ]
        },
        "2": {
            "title": "Sezona 2",
            "episodes": [
                {
                    "episode_number": 1,
                    "title": "Epizoda 1",
                    "link_groups": {
                        "glavni": [],
                        "alternativni_1": [
                            "https:\/\/listeamed.net\/e\/4bQVOjRWymoOwKm\/S02E01.mkv"
                        ],
                        "alternativni_2": []
                    }
                },
                {
                    "episode_number": 2,
                    "title": "Epizoda 2",
                    "link_groups": {
                        "glavni": [],
                        "alternativni_1": [
                            "https:\/\/listeamed.net\/e\/PlBVEZema76xDv9\/S02E02.mkv"
                        ],
                        "alternativni_2": []
                    }
                },
                {
                    "episode_number": 3,
                    "title": "Epizoda 3",
                    "link_groups": {
                        "glavni": [],
                        "alternativni_1": [
                            "https:\/\/listeamed.net\/e\/3Q0lxBmNeX25j1J\/S02E03.mkv"
                        ],
                        "alternativni_2": []
                    }
                },
                {
                    "episode_number": 4,
                    "title": "Epizoda 4",
                    "link_groups": {
                        "glavni": [],
                        "alternativni_1": [
                            "https:\/\/listeamed.net\/e\/P0poO1m3KGdOz17\/S02E04.mkv"
                        ],
                        "alternativni_2": []
                    }
                },
                {
                    "episode_number": 5,
                    "title": "Epizoda 5",
                    "link_groups": {
                        "glavni": [],
                        "alternativni_1": [
                            "https:\/\/listeamed.net\/e\/MAlwEMRDz8aOJ39\/S02E05.mkv"
                        ],
                        "alternativni_2": []
                    }
                },
                {
                    "episode_number": 6,
                    "title": "Epizoda 6",
                    "link_groups": {
                        "glavni": [],
                        "alternativni_1": [
                            "https:\/\/listeamed.net\/e\/ZMVoErzR7awE9Pa\/S02E06.mkv"
                        ],
                        "alternativni_2": []
                    }
                },
                {
                    "episode_number": 7,
                    "title": "Epizoda 7",
                    "link_groups": {
                        "glavni": [],
                        "alternativni_1": [
                            "https:\/\/listeamed.net\/e\/VqbX53L3KGWxQzp\/S02E07.mkv"
                        ],
                        "alternativni_2": []
                    }
                },
                {
                    "episode_number": 8,
                    "title": "Epizoda 8",
                    "link_groups": {
                        "glavni": [],
                        "alternativni_1": [
                            "https:\/\/listeamed.net\/e\/4bQVOjRWyG9OwKm\/S02E08.mkv"
                        ],
                        "alternativni_2": []
                    }
                },
                {
                    "episode_number": 9,
                    "title": "Epizoda 9",
                    "link_groups": {
                        "glavni": [],
                        "alternativni_1": [
                            "https:\/\/listeamed.net\/e\/VqbX53L3KrzxQzp\/S02E09.mkv"
                        ],
                        "alternativni_2": []
                    }
                },
                {
                    "episode_number": 10,
                    "title": "Epizoda 10",
                    "link_groups": {
                        "glavni": [],
                        "alternativni_1": [
                            "https:\/\/listeamed.net\/e\/ZMVoErzR79YE9Pa\/S02E10.mkv"
                        ],
                        "alternativni_2": []
                    }
                },
                {
                    "episode_number": 11,
                    "title": "Epizoda 11",
                    "link_groups": {
                        "glavni": [],
                        "alternativni_1": [
                            "https:\/\/listeamed.net\/e\/mMq75LDVyjY5XPB\/S02E11.mkv"
                        ],
                        "alternativni_2": []
                    }
                },
                {
                    "episode_number": 12,
                    "title": "Epizoda 12",
                    "link_groups": {
                        "glavni": [],
                        "alternativni_1": [
                            "https:\/\/listeamed.net\/e\/PKN4OwoYXeGODLj\/S02E12.mkv"
                        ],
                        "alternativni_2": []
                    }
                },
                {
                    "episode_number": 13,
                    "title": "Epizoda 13",
                    "link_groups": {
                        "glavni": [],
                        "alternativni_1": [
                            "https:\/\/listeamed.net\/e\/YWA8E9Mv193EGmM\/S02E13.mkv"
                        ],
                        "alternativni_2": []
                    }
                },
                {
                    "episode_number": 14,
                    "title": "Epizoda 14",
                    "link_groups": {
                        "glavni": [],
                        "alternativni_1": [
                            "https:\/\/listeamed.net\/e\/vQBYEbKJRqbOn1m\/S02E14.mkv"
                        ],
                        "alternativni_2": []
                    }
                },
                {
                    "episode_number": 15,
                    "title": "Epizoda 15",
                    "link_groups": {
                        "glavni": [],
                        "alternativni_1": [
                            "https:\/\/listeamed.net\/e\/qM1VOPnow3Xxo4k\/S02E15.mkv"
                        ],
                        "alternativni_2": []
                    }
                },
                {
                    "episode_number": 16,
                    "title": "Epizoda 16",
                    "link_groups": {
                        "glavni": [],
                        "alternativni_1": [
                            "https:\/\/listeamed.net\/e\/0DogOGJeKXGEKjM\/S02E16.mkv"
                        ],
                        "alternativni_2": []
                    }
                },
                {
                    "episode_number": 17,
                    "title": "Epizoda 17",
                    "link_groups": {
                        "glavni": [],
                        "alternativni_1": [
                            "https:\/\/listeamed.net\/e\/NMRLEpoRXYPxXaG\/S02E17.mkv"
                        ],
                        "alternativni_2": []
                    }
                },
                {
                    "episode_number": 18,
                    "title": "Epizoda 18",
                    "link_groups": {
                        "glavni": [],
                        "alternativni_1": [
                            "https:\/\/listeamed.net\/e\/6zeREa1bVyoEZPa\/S02E18.mkv"
                        ],
                        "alternativni_2": []
                    }
                },
                {
                    "episode_number": 19,
                    "title": "Epizoda 19",
                    "link_groups": {
                        "glavni": [],
                        "alternativni_1": [
                            "https:\/\/listeamed.net\/e\/qL0YEyaYX6KEDRX\/S02E19.mkv"
                        ],
                        "alternativni_2": []
                    }
                },
                {
                    "episode_number": 20,
                    "title": "Epizoda 20",
                    "link_groups": {
                        "glavni": [],
                        "alternativni_1": [
                            "https:\/\/listeamed.net\/e\/PKN4OwoYXQQODLj\/S02E20.mkv"
                        ],
                        "alternativni_2": []
                    }
                }
            ]
        },
        "3": {
            "title": "Sezona 3",
            "episodes": [
                {
                    "episode_number": 1,
                    "title": "Epizoda 1",
                    "link_groups": {
                        "glavni": [],
                        "alternativni_1": [
                            "https:\/\/listeamed.net\/e\/dNjgOl70l9yE9Wn\/S03E01.mkv"
                        ],
                        "alternativni_2": []
                    }
                },
                {
                    "episode_number": 2,
                    "title": "Epizoda 2",
                    "link_groups": {
                        "glavni": [],
                        "alternativni_1": [
                            "https:\/\/listeamed.net\/e\/g9Vd5J8G2PpEqQj\/S03E02.mkv"
                        ],
                        "alternativni_2": []
                    }
                },
                {
                    "episode_number": 3,
                    "title": "Epizoda 3",
                    "link_groups": {
                        "glavni": [],
                        "alternativni_1": [
                            "https:\/\/listeamed.net\/e\/pVa4E8LGjD7EkzM\/S03E03.mkv"
                        ],
                        "alternativni_2": []
                    }
                },
                {
                    "episode_number": 4,
                    "title": "Epizoda 4",
                    "link_groups": {
                        "glavni": [],
                        "alternativni_1": [
                            "https:\/\/listeamed.net\/e\/LQm9OXKJagPE1lg\/S03E04.mkv"
                        ],
                        "alternativni_2": []
                    }
                },
                {
                    "episode_number": 5,
                    "title": "Epizoda 5",
                    "link_groups": {
                        "glavni": [],
                        "alternativni_1": [
                            "https:\/\/listeamed.net\/e\/eL2157PGZgJxrw4\/S03E05.mkv"
                        ],
                        "alternativni_2": []
                    }
                },
                {
                    "episode_number": 6,
                    "title": "Epizoda 6",
                    "link_groups": {
                        "glavni": [],
                        "alternativni_1": [
                            "https:\/\/listeamed.net\/e\/JzkPxzXYdQ4Obyd\/S03E06.mkv"
                        ],
                        "alternativni_2": []
                    }
                },
                {
                    "episode_number": 7,
                    "title": "Epizoda 7",
                    "link_groups": {
                        "glavni": [],
                        "alternativni_1": [
                            "https:\/\/listeamed.net\/e\/27BaOn74XLR5MDX\/S03E07.mkv"
                        ],
                        "alternativni_2": []
                    }
                },
                {
                    "episode_number": 8,
                    "title": "Epizoda 8",
                    "link_groups": {
                        "glavni": [],
                        "alternativni_1": [
                            "https:\/\/listeamed.net\/e\/0DogOGJeKvjEKjM\/S03E08.mkv"
                        ],
                        "alternativni_2": []
                    }
                },
                {
                    "episode_number": 9,
                    "title": "Epizoda 9",
                    "link_groups": {
                        "glavni": [],
                        "alternativni_1": [
                            "https:\/\/listeamed.net\/e\/edVqE49mK2ROYWm\/S03E09.mkv"
                        ],
                        "alternativni_2": []
                    }
                },
                {
                    "episode_number": 10,
                    "title": "Epizoda 10",
                    "link_groups": {
                        "glavni": [],
                        "alternativni_1": [
                            "https:\/\/listeamed.net\/e\/P0poO1m3KdLOz17\/S03E10.mkv"
                        ],
                        "alternativni_2": []
                    }
                },
                {
                    "episode_number": 11,
                    "title": "Epizoda 11",
                    "link_groups": {
                        "glavni": [],
                        "alternativni_1": [
                            "https:\/\/listeamed.net\/e\/njJYOdqkymb5e9o\/S03E11.mkv"
                        ],
                        "alternativni_2": []
                    }
                },
                {
                    "episode_number": 12,
                    "title": "Epizoda 12",
                    "link_groups": {
                        "glavni": [],
                        "alternativni_1": [
                            "https:\/\/listeamed.net\/e\/PlBVEZemaW0xDv9\/S03E12.mkv"
                        ],
                        "alternativni_2": []
                    }
                },
                {
                    "episode_number": 13,
                    "title": "Epizoda 13",
                    "link_groups": {
                        "glavni": [],
                        "alternativni_1": [
                            "https:\/\/listeamed.net\/e\/qM1VOPnowpYxo4k\/S03E13.mkv"
                        ],
                        "alternativni_2": []
                    }
                },
                {
                    "episode_number": 14,
                    "title": "Epizoda 14",
                    "link_groups": {
                        "glavni": [],
                        "alternativni_1": [
                            "https:\/\/listeamed.net\/e\/ZMVoErzR7pRE9Pa\/S03E14.mkv"
                        ],
                        "alternativni_2": []
                    }
                },
                {
                    "episode_number": 15,
                    "title": "Epizoda 15",
                    "link_groups": {
                        "glavni": [],
                        "alternativni_1": [
                            "https:\/\/listeamed.net\/e\/edVqE49mK11OYWm\/S03E15.mkv"
                        ],
                        "alternativni_2": []
                    }
                },
                {
                    "episode_number": 16,
                    "title": "Epizoda 16",
                    "link_groups": {
                        "glavni": [],
                        "alternativni_1": [
                            "https:\/\/listeamed.net\/e\/7QWN5emJRP059oR\/S03E16.mkv"
                        ],
                        "alternativni_2": []
                    }
                },
                {
                    "episode_number": 17,
                    "title": "Epizoda 17",
                    "link_groups": {
                        "glavni": [],
                        "alternativni_1": [
                            "https:\/\/listeamed.net\/e\/mMq75LDVypw5XPB\/S03E17.mkv"
                        ],
                        "alternativni_2": []
                    }
                },
                {
                    "episode_number": 18,
                    "title": "Epizoda 18",
                    "link_groups": {
                        "glavni": [],
                        "alternativni_1": [
                            "https:\/\/listeamed.net\/e\/PlBVEZemag0xDv9\/S03E18.mkv"
                        ],
                        "alternativni_2": []
                    }
                },
                {
                    "episode_number": 19,
                    "title": "Epizoda 19",
                    "link_groups": {
                        "glavni": [],
                        "alternativni_1": [
                            "https:\/\/listeamed.net\/e\/3Q0lxBmNeQm5j1J\/S03E19.mkv"
                        ],
                        "alternativni_2": []
                    }
                },
                {
                    "episode_number": 20,
                    "title": "Epizoda 20",
                    "link_groups": {
                        "glavni": [],
                        "alternativni_1": [
                            "https:\/\/listeamed.net\/e\/P0poO1m3KbLOz17\/S03E20.mkv"
                        ],
                        "alternativni_2": []
                    }
                },
                {
                    "episode_number": 21,
                    "title": "Epizoda 21",
                    "link_groups": {
                        "glavni": [],
                        "alternativni_1": [
                            "https:\/\/listeamed.net\/e\/qA3WOmVAYw95Kkz\/S03E21.mkv"
                        ],
                        "alternativni_2": []
                    }
                },
                {
                    "episode_number": 22,
                    "title": "Epizoda 22",
                    "link_groups": {
                        "glavni": [],
                        "alternativni_1": [
                            "https:\/\/listeamed.net\/e\/JzkPxzXYdKaObyd\/S03E22.mkv"
                        ],
                        "alternativni_2": []
                    }
                }
            ]
        }
    }
}