{
    "title": "From",
    "plot": "From",
    "thumb": "https:\/\/m.media-amazon.com\/images\/M\/MV5BYzM5ZWMxOGEtZjEyMC00YjQ0LThiYjEtZjVkZGEzN2NlOGEwXkEyXkFqcGc@._V1_.jpg",
    "type": "serije",
    "created_at": "2025-05-29 21:00:22",
    "year": 2022,
    "seasons": {
        "1": {
            "title": "Sezona 1",
            "episodes": [
                {
                    "episode_number": 1,
                    "title": "Epizoda 1",
                    "link_groups": {
                        "glavni": [
                            "https:\/\/www.file-upload.org\/6wus5hwcfs7o"
                        ],
                        "alternativni_1": [
                            "https:\/\/listeamed.net\/e\/wP2050PvRQa5dmy\/S01E01.mkv"
                        ],
                        "alternativni_2": []
                    }
                },
                {
                    "episode_number": 2,
                    "title": "Epizoda 2",
                    "link_groups": {
                        "glavni": [
                            "https:\/\/www.file-upload.org\/a4rq63iupgrg"
                        ],
                        "alternativni_1": [
                            "https:\/\/listeamed.net\/e\/PKN4OwoDARYODLj\/S01E02.mkv"
                        ],
                        "alternativni_2": []
                    }
                },
                {
                    "episode_number": 3,
                    "title": "Epizoda 3",
                    "link_groups": {
                        "glavni": [
                            "https:\/\/www.file-upload.org\/27zlqu6o2nxh"
                        ],
                        "alternativni_1": [
                            "https:\/\/listeamed.net\/e\/LQm9OXKPR6ME1lg\/S01E03.mkv"
                        ],
                        "alternativni_2": []
                    }
                },
                {
                    "episode_number": 4,
                    "title": "Epizoda 4",
                    "link_groups": {
                        "glavni": [
                            "https:\/\/www.file-upload.org\/5otdjon8pdgf"
                        ],
                        "alternativni_1": [
                            "https:\/\/listeamed.net\/e\/YWA8E9Mp8K2EGmM\/S01E04.mkv"
                        ],
                        "alternativni_2": []
                    }
                },
                {
                    "episode_number": 5,
                    "title": "Epizoda 5",
                    "link_groups": {
                        "glavni": [
                            "https:\/\/www.file-upload.org\/3v6vbeffd3u5"
                        ],
                        "alternativni_1": [
                            "https:\/\/listeamed.net\/e\/kKJVORkjelN53XD\/S01E05.mkv"
                        ],
                        "alternativni_2": []
                    }
                },
                {
                    "episode_number": 6,
                    "title": "Epizoda 6",
                    "link_groups": {
                        "glavni": [
                            "https:\/\/www.file-upload.org\/86vuskqlcgc1"
                        ],
                        "alternativni_1": [
                            "https:\/\/listeamed.net\/e\/NMRLEpoDA7GxXaG\/S01E06.mkv"
                        ],
                        "alternativni_2": []
                    }
                },
                {
                    "episode_number": 7,
                    "title": "Epizoda 7",
                    "link_groups": {
                        "glavni": [
                            "https:\/\/www.file-upload.org\/t1ahbapl6qju"
                        ],
                        "alternativni_1": [
                            "https:\/\/listeamed.net\/e\/g9Vd5J83BpdEqQj\/S01E07.mkv"
                        ],
                        "alternativni_2": []
                    }
                },
                {
                    "episode_number": 8,
                    "title": "Epizoda 8",
                    "link_groups": {
                        "glavni": [
                            "https:\/\/www.file-upload.org\/uhg2ih50ogog"
                        ],
                        "alternativni_1": [
                            "https:\/\/listeamed.net\/e\/eL2157PD03oxrw4\/S01E08.mkv"
                        ],
                        "alternativni_2": []
                    }
                },
                {
                    "episode_number": 9,
                    "title": "Epizoda 9",
                    "link_groups": {
                        "glavni": [
                            "https:\/\/www.file-upload.org\/xyi4czczs4x2"
                        ],
                        "alternativni_1": [
                            "https:\/\/listeamed.net\/e\/mMq75LDP34m5XPB\/S01E09.mkv"
                        ],
                        "alternativni_2": []
                    }
                },
                {
                    "episode_number": 10,
                    "title": "Epizoda 10",
                    "link_groups": {
                        "glavni": [
                            "https:\/\/www.file-upload.org\/jempkwywnpzg"
                        ],
                        "alternativni_1": [
                            "https:\/\/listeamed.net\/e\/vQBYEbKylrNOn1m\/S01E10.mkv"
                        ],
                        "alternativni_2": []
                    }
                }
            ]
        },
        "2": {
            "title": "Sezona 2",
            "episodes": [
                {
                    "episode_number": 1,
                    "title": "Epizoda 1",
                    "link_groups": {
                        "glavni": [
                            "https:\/\/www.file-upload.org\/t482809jvto4"
                        ],
                        "alternativni_1": [
                            "https:\/\/listeamed.net\/e\/0DogOGJ1jk7EKjM\/S02E01.mkv"
                        ],
                        "alternativni_2": []
                    }
                },
                {
                    "episode_number": 2,
                    "title": "Epizoda 2",
                    "link_groups": {
                        "glavni": [
                            "https:\/\/www.file-upload.org\/xruaipq2394k"
                        ],
                        "alternativni_1": [
                            "https:\/\/listeamed.net\/e\/YWA8E9Mp6oqEGmM\/S02E02.mkv"
                        ],
                        "alternativni_2": []
                    }
                },
                {
                    "episode_number": 3,
                    "title": "Epizoda 3",
                    "link_groups": {
                        "glavni": [
                            "https:\/\/www.file-upload.org\/lbe9vz35iu1t"
                        ],
                        "alternativni_1": [
                            "https:\/\/listeamed.net\/e\/vQBYEbKy61wOn1m\/S02E03.mkv"
                        ],
                        "alternativni_2": []
                    }
                },
                {
                    "episode_number": 4,
                    "title": "Epizoda 4",
                    "link_groups": {
                        "glavni": [
                            "https:\/\/www.file-upload.org\/v93zim1tjoen"
                        ],
                        "alternativni_1": [
                            "https:\/\/listeamed.net\/e\/kKJVORkjLwg53XD\/S02E04.mkv"
                        ],
                        "alternativni_2": []
                    }
                },
                {
                    "episode_number": 5,
                    "title": "Epizoda 5",
                    "link_groups": {
                        "glavni": [
                            "https:\/\/www.file-upload.org\/fpxrbq963gs5"
                        ],
                        "alternativni_1": [
                            "https:\/\/listeamed.net\/e\/6zeREa1wlj7EZPa\/S02E05.mkv"
                        ],
                        "alternativni_2": []
                    }
                },
                {
                    "episode_number": 6,
                    "title": "Epizoda 6",
                    "link_groups": {
                        "glavni": [
                            "https:\/\/www.file-upload.org\/ho56j3f3fcjs"
                        ],
                        "alternativni_1": [
                            "https:\/\/listeamed.net\/e\/PKN4OwoDGKZODLj\/S02E06.mkv"
                        ],
                        "alternativni_2": []
                    }
                },
                {
                    "episode_number": 7,
                    "title": "Epizoda 7",
                    "link_groups": {
                        "glavni": [
                            "https:\/\/www.file-upload.org\/ez7jy6hwz371"
                        ],
                        "alternativni_1": [
                            "https:\/\/listeamed.net\/e\/g9Vd5J83rkMEqQj\/S02E07.mkv"
                        ],
                        "alternativni_2": []
                    }
                },
                {
                    "episode_number": 8,
                    "title": "Epizoda 8",
                    "link_groups": {
                        "glavni": [
                            "https:\/\/www.file-upload.org\/puq0bfsh0dom"
                        ],
                        "alternativni_1": [
                            "https:\/\/listeamed.net\/e\/qM1VOPnd4kJxo4k\/S02E08.mkv"
                        ],
                        "alternativni_2": []
                    }
                },
                {
                    "episode_number": 9,
                    "title": "Epizoda 9",
                    "link_groups": {
                        "glavni": [
                            "https:\/\/www.file-upload.org\/qpjyda25pe90"
                        ],
                        "alternativni_1": [
                            "https:\/\/listeamed.net\/e\/qA3WOmVDqK45Kkz\/S02E09.mkv"
                        ],
                        "alternativni_2": []
                    }
                },
                {
                    "episode_number": 10,
                    "title": "Epizoda 10",
                    "link_groups": {
                        "glavni": [
                            "https:\/\/www.file-upload.org\/lz2p8vwjes8w"
                        ],
                        "alternativni_1": [
                            "https:\/\/listeamed.net\/e\/8lKQxYpG21l5DGY\/S02E10.mkv"
                        ],
                        "alternativni_2": []
                    }
                }
            ]
        },
        "3": {
            "title": "Sezona 3",
            "episodes": [
                {
                    "episode_number": 1,
                    "title": "Epizoda 1",
                    "link_groups": {
                        "glavni": [
                            "https:\/\/www.file-upload.org\/3yzlx7i8f3tc"
                        ],
                        "alternativni_1": [
                            "https:\/\/listeamed.net\/e\/3Q0lxBmQ8kG5j1J\/S03E01.mkv"
                        ],
                        "alternativni_2": []
                    }
                },
                {
                    "episode_number": 2,
                    "title": "Epizoda 2",
                    "link_groups": {
                        "glavni": [
                            "https:\/\/www.file-upload.org\/oz8hx4etfi0y"
                        ],
                        "alternativni_1": [
                            "https:\/\/listeamed.net\/e\/NMRLEpo6pjPxXaG\/S03E02.mkv"
                        ],
                        "alternativni_2": []
                    }
                },
                {
                    "episode_number": 3,
                    "title": "Epizoda 3",
                    "link_groups": {
                        "glavni": [
                            "https:\/\/www.file-upload.org\/0zpod7mg1nlx"
                        ],
                        "alternativni_1": [
                            "https:\/\/listeamed.net\/e\/PlBVEZegVwXxDv9\/S03E03.mkv"
                        ],
                        "alternativni_2": []
                    }
                },
                {
                    "episode_number": 4,
                    "title": "Epizoda 4",
                    "link_groups": {
                        "glavni": [
                            "https:\/\/www.file-upload.org\/oep8npuh2o6w"
                        ],
                        "alternativni_1": [
                            "https:\/\/listeamed.net\/e\/0DogOGJPNjKEKjM\/S03E04.mkv"
                        ],
                        "alternativni_2": []
                    }
                },
                {
                    "episode_number": 5,
                    "title": "Epizoda 5",
                    "link_groups": {
                        "glavni": [
                            "https:\/\/www.file-upload.org\/g66ud32ebhk3"
                        ],
                        "alternativni_1": [
                            "https:\/\/listeamed.net\/e\/edVqE49jeX0OYWm\/S03E05.mkv"
                        ],
                        "alternativni_2": []
                    }
                },
                {
                    "episode_number": 6,
                    "title": "Epizoda 6",
                    "link_groups": {
                        "glavni": [
                            "https:\/\/www.file-upload.org\/xyqm3r9iwgi8"
                        ],
                        "alternativni_1": [
                            "https:\/\/listeamed.net\/e\/qM1VOPnWV4Xxo4k\/S03E06.mkv"
                        ],
                        "alternativni_2": []
                    }
                },
                {
                    "episode_number": 7,
                    "title": "Epizoda 7",
                    "link_groups": {
                        "glavni": [
                            "https:\/\/www.file-upload.org\/1fybp2o34zh9"
                        ],
                        "alternativni_1": [
                            "https:\/\/listeamed.net\/e\/VqbX53LZPJWxQzp\/S03E07.mkv"
                        ],
                        "alternativni_2": []
                    }
                },
                {
                    "episode_number": 8,
                    "title": "Epizoda 8",
                    "link_groups": {
                        "glavni": [
                            "https:\/\/www.file-upload.org\/57ktks5pjhf2"
                        ],
                        "alternativni_1": [
                            "https:\/\/listeamed.net\/e\/MAlwEMRv9PaOJ39\/S03E08.mkv"
                        ],
                        "alternativni_2": []
                    }
                },
                {
                    "episode_number": 9,
                    "title": "Epizoda 9",
                    "link_groups": {
                        "glavni": [
                            "https:\/\/www.file-upload.org\/35d36xmfoc3i"
                        ],
                        "alternativni_1": [
                            "https:\/\/listeamed.net\/e\/ao9rxogY4ZPxyGe\/S03E09.mkv"
                        ],
                        "alternativni_2": []
                    }
                },
                {
                    "episode_number": 10,
                    "title": "Epizoda 10",
                    "link_groups": {
                        "glavni": [
                            "https:\/\/www.file-upload.org\/95b2h8m9i63i"
                        ],
                        "alternativni_1": [
                            "https:\/\/listeamed.net\/e\/4bQVOjRAM89OwKm\/S03E10.mkv"
                        ],
                        "alternativni_2": []
                    }
                }
            ]
        }
    },
    "last_updated": "2025-08-04 17:40:29"
}