{
    "title": "The Last Don II",
    "plot": "The Last Don II",
    "thumb": "https:\/\/m.media-amazon.com\/images\/M\/MV5BMTQ3NjEwMDM0NV5BMl5BanBnXkFtZTcwOTY1MjYxMQ@@._V1_FMjpg_UX1000_.jpg",
    "type": "serije",
    "created_at": "2025-06-02 20:55:09",
    "year": 1998,
    "seasons": {
        "1": {
            "title": "Sezona 1",
            "episodes": [
                {
                    "episode_number": 1,
                    "title": "Epizoda 1",
                    "link_groups": {
                        "glavni": [
                            "https:\/\/www.file-upload.org\/0p4jzoln7wjb"
                        ],
                        "alternativni_1": [],
                        "alternativni_2": []
                    }
                },
                {
                    "episode_number": 2,
                    "title": "Epizoda 2",
                    "link_groups": {
                        "glavni": [
                            "https:\/\/www.file-upload.org\/e2sp2azhv0wx"
                        ],
                        "alternativni_1": [],
                        "alternativni_2": []
                    }
                }
            ]
        }
    }
}