{
    "title": "Boston Legal",
    "plot": "Boston Legal",
    "thumb": "https:\/\/m.media-amazon.com\/images\/M\/MV5BNTNmMWI2ODYtNDNhYS00YWNlLWJhZGQtMzZlMmMyMzYxNTcyXkEyXkFqcGc@._V1_.jpg",
    "type": "serije",
    "created_at": "2025-10-13 21:27:09",
    "year": 2004,
    "seasons": {
        "1": {
            "title": "Sezona 1",
            "episodes": [
                {
                    "episode_number": 1,
                    "title": "Epizoda 1",
                    "link_groups": {
                        "glavni": [
                            "https:\/\/www.file-upload.org\/bmi4o8tn5fvt"
                        ],
                        "alternativni_1": [
                            "https:\/\/listeamed.net\/e\/KNWlED6lDaB5kbp\/S01E01.mkv"
                        ],
                        "alternativni_2": [
                            "https:\/\/srbe84.vidplayer.live\/#9teyx"
                        ]
                    }
                },
                {
                    "episode_number": 2,
                    "title": "Epizoda 2",
                    "link_groups": {
                        "glavni": [
                            "https:\/\/www.file-upload.org\/4pdo4awbkfny"
                        ],
                        "alternativni_1": [
                            "https:\/\/listeamed.net\/e\/8lKQxYpmRk25DGY\/S01E02.mkv"
                        ],
                        "alternativni_2": [
                            "https:\/\/srbe84.vidplayer.live\/#dui1h"
                        ]
                    }
                },
                {
                    "episode_number": 3,
                    "title": "Epizoda 3",
                    "link_groups": {
                        "glavni": [
                            "https:\/\/www.file-upload.org\/ejy1lkk7ofd2"
                        ],
                        "alternativni_1": [
                            "https:\/\/listeamed.net\/e\/qL0YEyaLM9gEDRX\/S01E03.mkv"
                        ],
                        "alternativni_2": [
                            "https:\/\/srbe84.vidplayer.live\/#5rntp"
                        ]
                    }
                },
                {
                    "episode_number": 4,
                    "title": "Epizoda 4",
                    "link_groups": {
                        "glavni": [
                            "https:\/\/www.file-upload.org\/s6kryv8fefve"
                        ],
                        "alternativni_1": [
                            "https:\/\/listeamed.net\/e\/wP2050P7zjp5dmy\/S01E04.mkv"
                        ],
                        "alternativni_2": [
                            "https:\/\/srbe84.vidplayer.live\/#cd18z"
                        ]
                    }
                },
                {
                    "episode_number": 5,
                    "title": "Epizoda 5",
                    "link_groups": {
                        "glavni": [
                            "https:\/\/www.file-upload.org\/ty8ib5r8rv1v"
                        ],
                        "alternativni_1": [
                            "https:\/\/listeamed.net\/e\/m7WJxggw6GAxBze\/S01E05.mkv"
                        ],
                        "alternativni_2": [
                            "https:\/\/srbe84.vidplayer.live\/#kmfle"
                        ]
                    }
                },
                {
                    "episode_number": 6,
                    "title": "Epizoda 6",
                    "link_groups": {
                        "glavni": [
                            "https:\/\/www.file-upload.org\/pt87kkyw4qk4"
                        ],
                        "alternativni_1": [
                            "https:\/\/listeamed.net\/e\/e028E6G7n9YOYAv\/S01E06.mkv"
                        ],
                        "alternativni_2": [
                            "https:\/\/srbe84.vidplayer.live\/#tncbo"
                        ]
                    }
                },
                {
                    "episode_number": 7,
                    "title": "Epizoda 7",
                    "link_groups": {
                        "glavni": [
                            "https:\/\/www.file-upload.org\/13a49cxjhiso"
                        ],
                        "alternativni_1": [
                            "https:\/\/listeamed.net\/e\/dNjgOl7dVGnE9Wn\/S01E07.mkv"
                        ],
                        "alternativni_2": [
                            "https:\/\/srbe84.vidplayer.live\/#duign"
                        ]
                    }
                },
                {
                    "episode_number": 8,
                    "title": "Epizoda 8",
                    "link_groups": {
                        "glavni": [
                            "https:\/\/www.file-upload.org\/i2few0d4p5ex"
                        ],
                        "alternativni_1": [
                            "https:\/\/listeamed.net\/e\/LQm9OXK3b2QE1lg\/S01E08.mkv"
                        ],
                        "alternativni_2": [
                            "https:\/\/srbe84.vidplayer.live\/#f5tie"
                        ]
                    }
                },
                {
                    "episode_number": 9,
                    "title": "Epizoda 9",
                    "link_groups": {
                        "glavni": [
                            "https:\/\/www.file-upload.org\/ile6kryx1jlh"
                        ],
                        "alternativni_1": [
                            "https:\/\/listeamed.net\/e\/pVa4E8LAn96EkzM\/S01E09.mkv"
                        ],
                        "alternativni_2": [
                            "https:\/\/srbe84.vidplayer.live\/#kmfdw"
                        ]
                    }
                },
                {
                    "episode_number": 10,
                    "title": "Epizoda 10",
                    "link_groups": {
                        "glavni": [
                            "https:\/\/www.file-upload.org\/kb5dmq53viih"
                        ],
                        "alternativni_1": [
                            "https:\/\/listeamed.net\/e\/g9Vd5J8l1dgEqQj\/S01E10.mkv"
                        ],
                        "alternativni_2": [
                            "https:\/\/srbe84.vidplayer.live\/#8gz3o"
                        ]
                    }
                },
                {
                    "episode_number": 11,
                    "title": "Epizoda 11",
                    "link_groups": {
                        "glavni": [
                            "https:\/\/www.file-upload.org\/y3i5sysbo43o"
                        ],
                        "alternativni_1": [
                            "https:\/\/listeamed.net\/e\/JzkPxzX948LObyd\/S01E11.mkv"
                        ],
                        "alternativni_2": [
                            "https:\/\/srbe84.vidplayer.live\/#tncp9"
                        ]
                    }
                },
                {
                    "episode_number": 12,
                    "title": "Epizoda 12",
                    "link_groups": {
                        "glavni": [
                            "https:\/\/www.file-upload.org\/jarr2nfojnv0"
                        ],
                        "alternativni_1": [
                            "https:\/\/listeamed.net\/e\/27BaOn7jYbQ5MDX\/S01E12.mkv"
                        ],
                        "alternativni_2": [
                            "https:\/\/srbe84.vidplayer.live\/#bv8eu"
                        ]
                    }
                },
                {
                    "episode_number": 13,
                    "title": "Epizoda 13",
                    "link_groups": {
                        "glavni": [
                            "https:\/\/www.file-upload.org\/1jhr70mrjel1"
                        ],
                        "alternativni_1": [
                            "https:\/\/listeamed.net\/e\/KNWlED6lD1B5kbp\/S01E13.mkv"
                        ],
                        "alternativni_2": [
                            "https:\/\/srbe84.vidplayer.live\/#f5tii"
                        ]
                    }
                },
                {
                    "episode_number": 14,
                    "title": "Epizoda 14",
                    "link_groups": {
                        "glavni": [
                            "https:\/\/www.file-upload.org\/3you86xqdxwg"
                        ],
                        "alternativni_1": [
                            "https:\/\/listeamed.net\/e\/8ozgENXlmKn5mjA\/S01E14.mkv"
                        ],
                        "alternativni_2": [
                            "https:\/\/srbe84.vidplayer.live\/#sbusw"
                        ]
                    }
                },
                {
                    "episode_number": 15,
                    "title": "Epizoda 15",
                    "link_groups": {
                        "glavni": [
                            "https:\/\/www.file-upload.org\/u3dgt18jix1x"
                        ],
                        "alternativni_1": [
                            "https:\/\/listeamed.net\/e\/KrdZ5kg06Nl5mX4\/S01E15.mkv"
                        ],
                        "alternativni_2": [
                            "https:\/\/srbe84.vidplayer.live\/#ec3eg"
                        ]
                    }
                },
                {
                    "episode_number": 16,
                    "title": "Epizoda 16",
                    "link_groups": {
                        "glavni": [
                            "https:\/\/www.file-upload.org\/dedxvgzrzytj"
                        ],
                        "alternativni_1": [
                            "https:\/\/listeamed.net\/e\/nyg9EK6lBKrxbk4\/S01E16.mkv"
                        ],
                        "alternativni_2": [
                            "https:\/\/srbe84.vidplayer.live\/#duidz"
                        ]
                    }
                },
                {
                    "episode_number": 17,
                    "title": "Epizoda 17",
                    "link_groups": {
                        "glavni": [
                            "https:\/\/www.file-upload.org\/juo0ly6aopim"
                        ],
                        "alternativni_1": [
                            "https:\/\/listeamed.net\/e\/8lKQxYpmRK25DGY\/S01E17.mkv"
                        ],
                        "alternativni_2": [
                            "https:\/\/srbe84.vidplayer.live\/#f5xup"
                        ]
                    }
                }
            ]
        },
        "2": {
            "title": "Sezona 2",
            "episodes": [
                {
                    "episode_number": 1,
                    "title": "Epizoda 1",
                    "link_groups": {
                        "glavni": [
                            "https:\/\/www.file-upload.org\/2j3esxkk58td"
                        ],
                        "alternativni_1": [
                            "https:\/\/listeamed.net\/e\/ZMVoErz331WE9Pa\/S02E01.mkv"
                        ],
                        "alternativni_2": [
                            "https:\/\/srbe84.vidplayer.live\/#qys19"
                        ]
                    }
                },
                {
                    "episode_number": 2,
                    "title": "Epizoda 2",
                    "link_groups": {
                        "glavni": [
                            "https:\/\/www.file-upload.org\/bua5edml7zft"
                        ],
                        "alternativni_1": [
                            "https:\/\/listeamed.net\/e\/qA3WOmVZZ6e5Kkz\/S02E02.mkv"
                        ],
                        "alternativni_2": [
                            "https:\/\/srbe84.vidplayer.live\/#ecval"
                        ]
                    }
                },
                {
                    "episode_number": 3,
                    "title": "Epizoda 3",
                    "link_groups": {
                        "glavni": [
                            "https:\/\/www.file-upload.org\/57u6112mpyi3"
                        ],
                        "alternativni_1": [
                            "https:\/\/listeamed.net\/e\/3Q0lxBmllnZ5j1J\/S02E03.mkv"
                        ],
                        "alternativni_2": [
                            "https:\/\/srbe84.vidplayer.live\/#31gqw"
                        ]
                    }
                },
                {
                    "episode_number": 4,
                    "title": "Epizoda 4",
                    "link_groups": {
                        "glavni": [
                            "https:\/\/www.file-upload.org\/uwjw5kzje2i8"
                        ],
                        "alternativni_1": [
                            "https:\/\/listeamed.net\/e\/njJYOdqRR6q5e9o\/S02E04.mkv"
                        ],
                        "alternativni_2": [
                            "https:\/\/srbe84.vidplayer.live\/#pqn3m"
                        ]
                    }
                },
                {
                    "episode_number": 5,
                    "title": "Epizoda 5",
                    "link_groups": {
                        "glavni": [
                            "https:\/\/www.file-upload.org\/0t6ai5cykt81"
                        ],
                        "alternativni_1": [
                            "https:\/\/listeamed.net\/e\/PlBVEZeQQomxDv9\/S02E05.mkv"
                        ],
                        "alternativni_2": [
                            "https:\/\/srbe84.vidplayer.live\/#5r1v5"
                        ]
                    }
                },
                {
                    "episode_number": 6,
                    "title": "Epizoda 6",
                    "link_groups": {
                        "glavni": [
                            "https:\/\/www.file-upload.org\/bq0pqq94ofnz"
                        ],
                        "alternativni_1": [
                            "https:\/\/listeamed.net\/e\/QNB7xA6kkn2E0WG\/S02E06.mkv"
                        ],
                        "alternativni_2": [
                            "https:\/\/srbe84.vidplayer.live\/#ia5bu"
                        ]
                    }
                },
                {
                    "episode_number": 7,
                    "title": "Epizoda 7",
                    "link_groups": {
                        "glavni": [
                            "https:\/\/www.file-upload.org\/05zx47ga21jo"
                        ],
                        "alternativni_1": [
                            "https:\/\/listeamed.net\/e\/k3gG5qorrjRE1N2\/S02E07.mkv"
                        ],
                        "alternativni_2": [
                            "https:\/\/srbe84.vidplayer.live\/#mhcaa"
                        ]
                    }
                },
                {
                    "episode_number": 8,
                    "title": "Epizoda 8",
                    "link_groups": {
                        "glavni": [
                            "https:\/\/www.file-upload.org\/evcppwhx6qk7"
                        ],
                        "alternativni_1": [
                            "https:\/\/listeamed.net\/e\/MAlwEMRll3kOJ39\/S02E08.mkv"
                        ],
                        "alternativni_2": [
                            "https:\/\/srbe84.vidplayer.live\/#f53pt"
                        ]
                    }
                },
                {
                    "episode_number": 9,
                    "title": "Epizoda 9",
                    "link_groups": {
                        "glavni": [
                            "https:\/\/www.file-upload.org\/2ywnhaf3tnne"
                        ],
                        "alternativni_1": [
                            "https:\/\/listeamed.net\/e\/0DogOGJlldPEKjM\/S02E09.mkv"
                        ],
                        "alternativni_2": [
                            "https:\/\/srbe84.vidplayer.live\/#kmeie"
                        ]
                    }
                },
                {
                    "episode_number": 10,
                    "title": "Epizoda 10",
                    "link_groups": {
                        "glavni": [
                            "https:\/\/www.file-upload.org\/ef5rq72q6412"
                        ],
                        "alternativni_1": [
                            "https:\/\/listeamed.net\/e\/PlBVEZeQQoaxDv9\/S02E10.mkv"
                        ],
                        "alternativni_2": [
                            "https:\/\/srbe84.vidplayer.live\/#jxae5"
                        ]
                    }
                },
                {
                    "episode_number": 11,
                    "title": "Epizoda 11",
                    "link_groups": {
                        "glavni": [
                            "https:\/\/www.file-upload.org\/jxc188d9w6xh"
                        ],
                        "alternativni_1": [
                            "https:\/\/listeamed.net\/e\/l4vexvoMMvZE8B9\/S02E11.mkv"
                        ],
                        "alternativni_2": [
                            "https:\/\/srbe84.vidplayer.live\/#qysgj"
                        ]
                    }
                },
                {
                    "episode_number": 12,
                    "title": "Epizoda 12",
                    "link_groups": {
                        "glavni": [
                            "https:\/\/www.file-upload.org\/xz9oyeiljsi4"
                        ],
                        "alternativni_1": [
                            "https:\/\/listeamed.net\/e\/kKJVORkdd8g53XD\/S02E12.mkv"
                        ],
                        "alternativni_2": [
                            "https:\/\/srbe84.vidplayer.live\/#kmeix"
                        ]
                    }
                },
                {
                    "episode_number": 13,
                    "title": "Epizoda 13",
                    "link_groups": {
                        "glavni": [
                            "https:\/\/www.file-upload.org\/tnyfuvrt6176"
                        ],
                        "alternativni_1": [
                            "https:\/\/listeamed.net\/e\/g9Vd5J8ll0MEqQj\/S02E13.mkv"
                        ],
                        "alternativni_2": [
                            "https:\/\/srbe84.vidplayer.live\/#8gl6i"
                        ]
                    }
                },
                {
                    "episode_number": 14,
                    "title": "Epizoda 14",
                    "link_groups": {
                        "glavni": [
                            "https:\/\/www.file-upload.org\/5wpthmsplcyk"
                        ],
                        "alternativni_1": [
                            "https:\/\/listeamed.net\/e\/dNjgOl7ddvQE9Wn\/S02E14.mkv"
                        ],
                        "alternativni_2": [
                            "https:\/\/srbe84.vidplayer.live\/#yebfq"
                        ]
                    }
                },
                {
                    "episode_number": 15,
                    "title": "Epizoda 15",
                    "link_groups": {
                        "glavni": [
                            "https:\/\/www.file-upload.org\/g9wmg97kbgeh"
                        ],
                        "alternativni_1": [
                            "https:\/\/listeamed.net\/e\/wP2050P77G25dmy\/S02E15.mkv"
                        ],
                        "alternativni_2": [
                            "https:\/\/srbe84.vidplayer.live\/#u8hx9"
                        ]
                    }
                },
                {
                    "episode_number": 16,
                    "title": "Epizoda 16",
                    "link_groups": {
                        "glavni": [
                            "https:\/\/www.file-upload.org\/ywgr8um2cyc6"
                        ],
                        "alternativni_1": [
                            "https:\/\/listeamed.net\/e\/JzkPxzX99PXObyd\/S02E16.mkv"
                        ],
                        "alternativni_2": [
                            "https:\/\/srbe84.vidplayer.live\/#dumj1"
                        ]
                    }
                },
                {
                    "episode_number": 17,
                    "title": "Epizoda 17",
                    "link_groups": {
                        "glavni": [
                            "https:\/\/www.file-upload.org\/49knz4uxfdy5"
                        ],
                        "alternativni_1": [
                            "https:\/\/listeamed.net\/e\/pVa4E8LAAbyEkzM\/S02E17.mkv"
                        ],
                        "alternativni_2": [
                            "https:\/\/srbe84.vidplayer.live\/#f53tm"
                        ]
                    }
                },
                {
                    "episode_number": 18,
                    "title": "Epizoda 18",
                    "link_groups": {
                        "glavni": [
                            "https:\/\/www.file-upload.org\/ypqzfuyjeuf9"
                        ],
                        "alternativni_1": [
                            "https:\/\/listeamed.net\/e\/KNWlED6ll2a5kbp\/S02E18.mkv"
                        ],
                        "alternativni_2": [
                            "https:\/\/srbe84.vidplayer.live\/#cdk1d"
                        ]
                    }
                },
                {
                    "episode_number": 19,
                    "title": "Epizoda 19",
                    "link_groups": {
                        "glavni": [
                            "https:\/\/www.file-upload.org\/2343bf73cpoe"
                        ],
                        "alternativni_1": [
                            "https:\/\/listeamed.net\/e\/eL2157PWWmKxrw4\/S02E19.mkv"
                        ],
                        "alternativni_2": [
                            "https:\/\/srbe84.vidplayer.live\/#vkygu"
                        ]
                    }
                },
                {
                    "episode_number": 20,
                    "title": "Epizoda 20",
                    "link_groups": {
                        "glavni": [
                            "https:\/\/www.file-upload.org\/rpf1u2afxj4m"
                        ],
                        "alternativni_1": [
                            "https:\/\/listeamed.net\/e\/nyg9EK6llqKxbk4\/S02E20.mkv"
                        ],
                        "alternativni_2": [
                            "https:\/\/srbe84.vidplayer.live\/#tn6cw"
                        ]
                    }
                },
                {
                    "episode_number": 21,
                    "title": "Epizoda 21",
                    "link_groups": {
                        "glavni": [
                            "https:\/\/www.file-upload.org\/dk98peqcb5t8"
                        ],
                        "alternativni_1": [
                            "https:\/\/listeamed.net\/e\/4bQVOjRXXPvOwKm\/S02E21.mkv"
                        ],
                        "alternativni_2": [
                            "https:\/\/srbe84.vidplayer.live\/#azr6g"
                        ]
                    }
                },
                {
                    "episode_number": 22,
                    "title": "Epizoda 22",
                    "link_groups": {
                        "glavni": [
                            "https:\/\/www.file-upload.org\/xps0ifd9160q"
                        ],
                        "alternativni_1": [
                            "https:\/\/listeamed.net\/e\/QNB7xA6kkL7E0WG\/S02E22.mkv"
                        ],
                        "alternativni_2": [
                            "https:\/\/srbe84.vidplayer.live\/#vkyde"
                        ]
                    }
                },
                {
                    "episode_number": 23,
                    "title": "Epizoda 23",
                    "link_groups": {
                        "glavni": [
                            "https:\/\/www.file-upload.org\/9a9hwjvmqr9x"
                        ],
                        "alternativni_1": [
                            "https:\/\/listeamed.net\/e\/YWA8E9Mkkr2EGmM\/S02E23.mkv"
                        ],
                        "alternativni_2": [
                            "https:\/\/srbe84.vidplayer.live\/#tn6qm"
                        ]
                    }
                },
                {
                    "episode_number": 24,
                    "title": "Epizoda 24",
                    "link_groups": {
                        "glavni": [
                            "https:\/\/www.file-upload.org\/qmdicserh6nt"
                        ],
                        "alternativni_1": [
                            "https:\/\/listeamed.net\/e\/ZMVoErz33vqE9Pa\/S02E24.mkv"
                        ],
                        "alternativni_2": [
                            "https:\/\/srbe84.vidplayer.live\/#bvqva"
                        ]
                    }
                },
                {
                    "episode_number": 25,
                    "title": "Epizoda 25",
                    "link_groups": {
                        "glavni": [
                            "https:\/\/www.file-upload.org\/wu62ruuvbgmw"
                        ],
                        "alternativni_1": [
                            "https:\/\/listeamed.net\/e\/P0poO1m77kaOz17\/S02E25.mkv"
                        ],
                        "alternativni_2": [
                            "https:\/\/srbe84.vidplayer.live\/#mhchh"
                        ]
                    }
                },
                {
                    "episode_number": 26,
                    "title": "Epizoda 26",
                    "link_groups": {
                        "glavni": [
                            "https:\/\/www.file-upload.org\/s60p5kasgljh"
                        ],
                        "alternativni_1": [
                            "https:\/\/listeamed.net\/e\/VqbX53LzzkdxQzp\/S02E26.mkv"
                        ],
                        "alternativni_2": [
                            "https:\/\/srbe84.vidplayer.live\/#9txtn"
                        ]
                    }
                },
                {
                    "episode_number": 27,
                    "title": "Epizoda 27",
                    "link_groups": {
                        "glavni": [
                            "https:\/\/www.file-upload.org\/jw6zninxm2tr"
                        ],
                        "alternativni_1": [
                            "https:\/\/listeamed.net\/e\/0DogOGJllo8EKjM\/S02E27.mkv"
                        ],
                        "alternativni_2": [
                            "https:\/\/srbe84.vidplayer.live\/#yeber"
                        ]
                    }
                }
            ]
        }
    },
    "last_updated": "2025-10-15 21:07:15"
}