{
    "title": "The Witcher: Blood Origin",
    "plot": "The Witcher: Blood Origin",
    "thumb": "https:\/\/m.media-amazon.com\/images\/M\/MV5BZjNiYjc1ODItNmYyMi00OWRiLThiN2ItNjY2YTYwNTExNTQ0XkEyXkFqcGc@._V1_.jpg",
    "type": "serije",
    "created_at": "2025-06-04 13:01:53",
    "year": 2022,
    "seasons": {
        "1": {
            "title": "Sezona 1",
            "episodes": [
                {
                    "episode_number": 1,
                    "title": "Epizoda 1",
                    "link_groups": {
                        "glavni": [
                            "https:\/\/www.file-upload.org\/80wuyw4rq5fy"
                        ],
                        "alternativni_1": [],
                        "alternativni_2": []
                    }
                },
                {
                    "episode_number": 2,
                    "title": "Epizoda 2",
                    "link_groups": {
                        "glavni": [
                            "https:\/\/www.file-upload.org\/qk1ouxjqkiu4"
                        ],
                        "alternativni_1": [],
                        "alternativni_2": []
                    }
                },
                {
                    "episode_number": 3,
                    "title": "Epizoda 3",
                    "link_groups": {
                        "glavni": [
                            "https:\/\/www.file-upload.org\/n7vg29otpqq3"
                        ],
                        "alternativni_1": [],
                        "alternativni_2": []
                    }
                },
                {
                    "episode_number": 4,
                    "title": "Epizoda 4",
                    "link_groups": {
                        "glavni": [
                            "https:\/\/www.file-upload.org\/034t65wa6k5i"
                        ],
                        "alternativni_1": [],
                        "alternativni_2": []
                    }
                }
            ]
        }
    }
}