{
    "title": "Los Serrano",
    "plot": "Los Serrano",
    "thumb": "https:\/\/m.media-amazon.com\/images\/M\/MV5BMTQyYzBmOWEtNTdiYS00OTViLWEwYTMtZDNmN2IzOWFmOTZkXkEyXkFqcGc@._V1_.jpg",
    "type": "serije",
    "created_at": "2025-09-27 09:03:56",
    "year": 2003,
    "seasons": {
        "1": {
            "title": "Sezona 1",
            "episodes": [
                {
                    "episode_number": 1,
                    "title": "Epizoda 1",
                    "link_groups": {
                        "glavni": [
                            "https:\/\/www.file-upload.org\/07hlgsstbtx2"
                        ],
                        "alternativni_1": [
                            "https:\/\/listeamed.net\/e\/NMRLEpo9mMYxXaG\/S01E01.mkv"
                        ],
                        "alternativni_2": []
                    }
                },
                {
                    "episode_number": 2,
                    "title": "Epizoda 2",
                    "link_groups": {
                        "glavni": [
                            "https:\/\/www.file-upload.org\/ixfl0hwmc9h6"
                        ],
                        "alternativni_1": [
                            "https:\/\/listeamed.net\/e\/qL0YEyaVgjjEDRX\/S01E02.mkv"
                        ],
                        "alternativni_2": []
                    }
                },
                {
                    "episode_number": 3,
                    "title": "Epizoda 3",
                    "link_groups": {
                        "glavni": [
                            "https:\/\/www.file-upload.org\/j1xbpr1up06c"
                        ],
                        "alternativni_1": [
                            "https:\/\/listeamed.net\/e\/wP2050PkqgY5dmy\/S01E03.mkv"
                        ],
                        "alternativni_2": []
                    }
                },
                {
                    "episode_number": 4,
                    "title": "Epizoda 4",
                    "link_groups": {
                        "glavni": [
                            "https:\/\/www.file-upload.org\/r9cr2c8ewoxl"
                        ],
                        "alternativni_1": [
                            "https:\/\/listeamed.net\/e\/dNjgOl7MRJDE9Wn\/S01E04.mkv"
                        ],
                        "alternativni_2": []
                    }
                },
                {
                    "episode_number": 5,
                    "title": "Epizoda 5",
                    "link_groups": {
                        "glavni": [
                            "https:\/\/www.file-upload.org\/3sbmf04yoln0"
                        ],
                        "alternativni_1": [
                            "https:\/\/listeamed.net\/e\/ao9rxogLwyVxyGe\/S01E05.mkv"
                        ],
                        "alternativni_2": []
                    }
                },
                {
                    "episode_number": 6,
                    "title": "Epizoda 6",
                    "link_groups": {
                        "glavni": [
                            "https:\/\/www.file-upload.org\/joan0d6xqtjm"
                        ],
                        "alternativni_1": [
                            "https:\/\/listeamed.net\/e\/6zeREa1QmemEZPa\/S01E06.mkv"
                        ],
                        "alternativni_2": []
                    }
                },
                {
                    "episode_number": 7,
                    "title": "Epizoda 7",
                    "link_groups": {
                        "glavni": [
                            "https:\/\/www.file-upload.org\/w49x8cmjgr2c"
                        ],
                        "alternativni_1": [
                            "https:\/\/listeamed.net\/e\/b4ZJx2Xkw4RO2P3\/S01E07.mkv"
                        ],
                        "alternativni_2": []
                    }
                },
                {
                    "episode_number": 8,
                    "title": "Epizoda 8",
                    "link_groups": {
                        "glavni": [
                            "https:\/\/www.file-upload.org\/69bkemh9euyz"
                        ],
                        "alternativni_1": [
                            "https:\/\/listeamed.net\/e\/eL2157P1qByxrw4\/S01E08.mkv"
                        ],
                        "alternativni_2": []
                    }
                },
                {
                    "episode_number": 9,
                    "title": "Epizoda 9",
                    "link_groups": {
                        "glavni": [
                            "https:\/\/www.file-upload.org\/jn7p7edwzyst"
                        ],
                        "alternativni_1": [
                            "https:\/\/listeamed.net\/e\/kKJVORkmagd53XD\/S01E09.mkv"
                        ],
                        "alternativni_2": []
                    }
                },
                {
                    "episode_number": 10,
                    "title": "Epizoda 10",
                    "link_groups": {
                        "glavni": [
                            "https:\/\/www.file-upload.org\/kwo01qvsc828"
                        ],
                        "alternativni_1": [
                            "https:\/\/listeamed.net\/e\/g9Vd5J8a9JvEqQj\/S01E10.mkv"
                        ],
                        "alternativni_2": []
                    }
                },
                {
                    "episode_number": 11,
                    "title": "Epizoda 11",
                    "link_groups": {
                        "glavni": [
                            "https:\/\/www.file-upload.org\/tjnvjoj4nm8f"
                        ],
                        "alternativni_1": [
                            "https:\/\/listeamed.net\/e\/VqbX53LkqVzxQzp\/S01E11.mkv"
                        ],
                        "alternativni_2": []
                    }
                },
                {
                    "episode_number": 12,
                    "title": "Epizoda 12",
                    "link_groups": {
                        "glavni": [
                            "https:\/\/www.file-upload.org\/i0vd4jdfjzf3"
                        ],
                        "alternativni_1": [
                            "https:\/\/listeamed.net\/e\/P0poO1mkqVkOz17\/S01E12.mkv"
                        ],
                        "alternativni_2": []
                    }
                },
                {
                    "episode_number": 13,
                    "title": "Epizoda 13",
                    "link_groups": {
                        "glavni": [
                            "https:\/\/www.file-upload.org\/ca9lz51zcx0x"
                        ],
                        "alternativni_1": [
                            "https:\/\/listeamed.net\/e\/MAlwEMRjbBbOJ39\/S01E13.mkv"
                        ],
                        "alternativni_2": []
                    }
                }
            ]
        },
        "2": {
            "title": "Sezona 2",
            "episodes": [
                {
                    "episode_number": 1,
                    "title": "Epizoda 1",
                    "link_groups": {
                        "glavni": [
                            "https:\/\/www.file-upload.org\/s3auc1b4zb88"
                        ],
                        "alternativni_1": [
                            "https:\/\/listeamed.net\/e\/0DogOGJ92ljEKjM\/S02E01.mkv"
                        ],
                        "alternativni_2": []
                    }
                },
                {
                    "episode_number": 2,
                    "title": "Epizoda 2",
                    "link_groups": {
                        "glavni": [
                            "https:\/\/www.file-upload.org\/rfmntk5yeozc"
                        ],
                        "alternativni_1": [
                            "https:\/\/listeamed.net\/e\/mMq75LDo0g85XPB\/S02E02.mkv"
                        ],
                        "alternativni_2": []
                    }
                },
                {
                    "episode_number": 3,
                    "title": "Epizoda 3",
                    "link_groups": {
                        "glavni": [
                            "https:\/\/www.file-upload.org\/jafrjqcuhcwl"
                        ],
                        "alternativni_1": [
                            "https:\/\/listeamed.net\/e\/PKN4OwokdgQODLj\/S02E03.mkv"
                        ],
                        "alternativni_2": []
                    }
                },
                {
                    "episode_number": 4,
                    "title": "Epizoda 4",
                    "link_groups": {
                        "glavni": [
                            "https:\/\/www.file-upload.org\/ws77tov24kgq"
                        ],
                        "alternativni_1": [
                            "https:\/\/listeamed.net\/e\/NMRLEpok8lWxXaG\/S02E04.mkv"
                        ],
                        "alternativni_2": []
                    }
                },
                {
                    "episode_number": 5,
                    "title": "Epizoda 5",
                    "link_groups": {
                        "glavni": [
                            "https:\/\/www.file-upload.org\/do0lx76zxs3s"
                        ],
                        "alternativni_1": [
                            "https:\/\/listeamed.net\/e\/3Q0lxBmGplV5j1J\/S02E05.mkv"
                        ],
                        "alternativni_2": []
                    }
                },
                {
                    "episode_number": 6,
                    "title": "Epizoda 6",
                    "link_groups": {
                        "glavni": [
                            "https:\/\/www.file-upload.org\/dmgi9w7hkpzs"
                        ],
                        "alternativni_1": [
                            "https:\/\/listeamed.net\/e\/njJYOdqYpRn5e9o\/S02E06.mkv"
                        ],
                        "alternativni_2": []
                    }
                },
                {
                    "episode_number": 7,
                    "title": "Epizoda 7",
                    "link_groups": {
                        "glavni": [
                            "https:\/\/www.file-upload.org\/rhgnw1732dp9"
                        ],
                        "alternativni_1": [
                            "https:\/\/listeamed.net\/e\/ZMVoErzk63NE9Pa\/S02E07.mkv"
                        ],
                        "alternativni_2": []
                    }
                },
                {
                    "episode_number": 8,
                    "title": "Epizoda 8",
                    "link_groups": {
                        "glavni": [
                            "https:\/\/www.file-upload.org\/1cqs6gmm6izd"
                        ],
                        "alternativni_1": [
                            "https:\/\/listeamed.net\/e\/b4ZJx2XzNoQO2P3\/S02E08.mkv"
                        ],
                        "alternativni_2": []
                    }
                },
                {
                    "episode_number": 9,
                    "title": "Epizoda 9",
                    "link_groups": {
                        "glavni": [
                            "https:\/\/www.file-upload.org\/ul1cexxv0el3"
                        ],
                        "alternativni_1": [
                            "https:\/\/listeamed.net\/e\/VqbX53L6dzaxQzp\/S02E09.mkv"
                        ],
                        "alternativni_2": []
                    }
                },
                {
                    "episode_number": 10,
                    "title": "Epizoda 10",
                    "link_groups": {
                        "glavni": [
                            "https:\/\/www.file-upload.org\/osdp199j89mu"
                        ],
                        "alternativni_1": [
                            "https:\/\/listeamed.net\/e\/qA3WOmVkXZ35Kkz\/S02E10.mkv"
                        ],
                        "alternativni_2": []
                    }
                },
                {
                    "episode_number": 11,
                    "title": "Epizoda 11",
                    "link_groups": {
                        "glavni": [
                            "https:\/\/www.file-upload.org\/zg8z33rezlsj"
                        ],
                        "alternativni_1": [
                            "https:\/\/listeamed.net\/e\/QNB7xA6P9G1E0WG\/S02E11.mkv"
                        ],
                        "alternativni_2": []
                    }
                },
                {
                    "episode_number": 12,
                    "title": "Epizoda 12",
                    "link_groups": {
                        "glavni": [
                            "https:\/\/www.file-upload.org\/nldotz5gy1jn"
                        ],
                        "alternativni_1": [
                            "https:\/\/listeamed.net\/e\/MAlwEMR2yp4OJ39\/S02E12.mkv"
                        ],
                        "alternativni_2": []
                    }
                },
                {
                    "episode_number": 13,
                    "title": "Epizoda 13",
                    "link_groups": {
                        "glavni": [
                            "https:\/\/www.file-upload.org\/0e8hytd3lnfg"
                        ],
                        "alternativni_1": [
                            "https:\/\/listeamed.net\/e\/qM1VOPnJ6XMxo4k\/S02E13.mkv"
                        ],
                        "alternativni_2": []
                    }
                },
                {
                    "episode_number": 14,
                    "title": "Epizoda 14",
                    "link_groups": {
                        "glavni": [
                            "https:\/\/www.file-upload.org\/bbc8zdyw07cp"
                        ],
                        "alternativni_1": [
                            "https:\/\/listeamed.net\/e\/rabVOQLY70JEKdW\/S02E14.mkv"
                        ],
                        "alternativni_2": []
                    }
                },
                {
                    "episode_number": 15,
                    "title": "Epizoda 15",
                    "link_groups": {
                        "glavni": [
                            "https:\/\/www.file-upload.org\/q4f1lb4b8wgx"
                        ],
                        "alternativni_1": [
                            "https:\/\/listeamed.net\/e\/qA3WOmVkX035Kkz\/S02E15.mkv"
                        ],
                        "alternativni_2": []
                    }
                },
                {
                    "episode_number": 16,
                    "title": "Epizoda 16",
                    "link_groups": {
                        "glavni": [
                            "https:\/\/www.file-upload.org\/8juqhu8xp698"
                        ],
                        "alternativni_1": [
                            "https:\/\/listeamed.net\/e\/3Q0lxBmGpMV5j1J\/S02E16.mkv"
                        ],
                        "alternativni_2": []
                    }
                },
                {
                    "episode_number": 17,
                    "title": "Epizoda 17",
                    "link_groups": {
                        "glavni": [
                            "https:\/\/www.file-upload.org\/0hvii4imu5r5"
                        ],
                        "alternativni_1": [
                            "https:\/\/listeamed.net\/e\/ZMVoErzk6JRE9Pa\/S02E17.mkv"
                        ],
                        "alternativni_2": []
                    }
                },
                {
                    "episode_number": 18,
                    "title": "Epizoda 18",
                    "link_groups": {
                        "glavni": [
                            "https:\/\/www.file-upload.org\/19c2w3p8gap8"
                        ],
                        "alternativni_1": [
                            "https:\/\/listeamed.net\/e\/qA3WOmVkXR95Kkz\/S02E18.mkv"
                        ],
                        "alternativni_2": []
                    }
                },
                {
                    "episode_number": 19,
                    "title": "Epizoda 19",
                    "link_groups": {
                        "glavni": [
                            "https:\/\/www.file-upload.org\/a6j5oozs7koc"
                        ],
                        "alternativni_1": [
                            "https:\/\/listeamed.net\/e\/3Q0lxBmGpBm5j1J\/S02E19.mkv"
                        ],
                        "alternativni_2": []
                    }
                },
                {
                    "episode_number": 20,
                    "title": "Epizoda 20",
                    "link_groups": {
                        "glavni": [
                            "https:\/\/www.file-upload.org\/mx8ay44xxdfp"
                        ],
                        "alternativni_1": [
                            "https:\/\/listeamed.net\/e\/MAlwEMR2ywqOJ39\/S02E20.mkv"
                        ],
                        "alternativni_2": []
                    }
                },
                {
                    "episode_number": 21,
                    "title": "Epizoda 21",
                    "link_groups": {
                        "glavni": [
                            "https:\/\/www.file-upload.org\/dp0muqjosi6x"
                        ],
                        "alternativni_1": [
                            "https:\/\/listeamed.net\/e\/MAlwEMR2yo4OJ39\/S02E21.mkv"
                        ],
                        "alternativni_2": []
                    }
                },
                {
                    "episode_number": 22,
                    "title": "Epizoda 22",
                    "link_groups": {
                        "glavni": [
                            "https:\/\/www.file-upload.org\/vj5v2y0e01de"
                        ],
                        "alternativni_1": [
                            "https:\/\/listeamed.net\/e\/4bQVOjRkwb3OwKm\/S02E22.mkv"
                        ],
                        "alternativni_2": []
                    }
                },
                {
                    "episode_number": 23,
                    "title": "Epizoda 23",
                    "link_groups": {
                        "glavni": [
                            "https:\/\/www.file-upload.org\/3r7xlrzucmbl"
                        ],
                        "alternativni_1": [
                            "https:\/\/listeamed.net\/e\/QNB7xA6P9rYE0WG\/S02E23.mkv"
                        ],
                        "alternativni_2": []
                    }
                },
                {
                    "episode_number": 24,
                    "title": "Epizoda 24",
                    "link_groups": {
                        "glavni": [
                            "https:\/\/www.file-upload.org\/rquyygxmlp1p"
                        ],
                        "alternativni_1": [
                            "https:\/\/listeamed.net\/e\/3Q0lxBmGpPm5j1J\/S02E24.mkv"
                        ],
                        "alternativni_2": []
                    }
                },
                {
                    "episode_number": 25,
                    "title": "Epizoda 25",
                    "link_groups": {
                        "glavni": [
                            "https:\/\/www.file-upload.org\/bzi5xkehc6sr"
                        ],
                        "alternativni_1": [
                            "https:\/\/listeamed.net\/e\/kKJVORkYgXa53XD\/S02E25.mkv"
                        ],
                        "alternativni_2": []
                    }
                },
                {
                    "episode_number": 26,
                    "title": "Epizoda 26",
                    "link_groups": {
                        "glavni": [
                            "https:\/\/www.file-upload.org\/4011vv55tvzy"
                        ],
                        "alternativni_1": [
                            "https:\/\/listeamed.net\/e\/VqbX53L6dXGxQzp\/S02E26.mkv"
                        ],
                        "alternativni_2": []
                    }
                },
                {
                    "episode_number": 27,
                    "title": "Epizoda 27",
                    "link_groups": {
                        "glavni": [
                            "https:\/\/www.file-upload.org\/mhld11vthhim"
                        ],
                        "alternativni_1": [
                            "https:\/\/listeamed.net\/e\/0DogOGJ92QrEKjM\/S02E27.mkv"
                        ],
                        "alternativni_2": []
                    }
                },
                {
                    "episode_number": 28,
                    "title": "Epizoda 28",
                    "link_groups": {
                        "glavni": [
                            "https:\/\/www.file-upload.org\/fnzb94cmy1vd"
                        ],
                        "alternativni_1": [
                            "https:\/\/listeamed.net\/e\/qM1VOPnJ6aYxo4k\/S02E28.mkv"
                        ],
                        "alternativni_2": []
                    }
                },
                {
                    "episode_number": 29,
                    "title": "Epizoda 29",
                    "link_groups": {
                        "glavni": [
                            "https:\/\/www.file-upload.org\/sjffi9mp2570"
                        ],
                        "alternativni_1": [
                            "https:\/\/listeamed.net\/e\/edVqE496Z01OYWm\/S02E29.mkv"
                        ],
                        "alternativni_2": []
                    }
                },
                {
                    "episode_number": 30,
                    "title": "Epizoda 30",
                    "link_groups": {
                        "glavni": [
                            "https:\/\/www.file-upload.org\/hmv56vzl20sw"
                        ],
                        "alternativni_1": [
                            "https:\/\/listeamed.net\/e\/qM1VOPnJ6aGxo4k\/S02E30.mkv"
                        ],
                        "alternativni_2": []
                    }
                },
                {
                    "episode_number": 31,
                    "title": "Epizoda 31",
                    "link_groups": {
                        "glavni": [
                            "https:\/\/www.file-upload.org\/8nd7mk0d5bf6"
                        ],
                        "alternativni_1": [
                            "https:\/\/listeamed.net\/e\/6zeREa1YeneEZPa\/S02E31.mkv"
                        ],
                        "alternativni_2": []
                    }
                },
                {
                    "episode_number": 32,
                    "title": "Epizoda 32",
                    "link_groups": {
                        "glavni": [
                            "https:\/\/www.file-upload.org\/p61fpz41gbtr"
                        ],
                        "alternativni_1": [
                            "https:\/\/listeamed.net\/e\/qL0YEyakjBvEDRX\/S02E32.mkv"
                        ],
                        "alternativni_2": []
                    }
                }
            ]
        }
    },
    "last_updated": "2025-10-08 19:56:27"
}