{
    "title": "Squid Game",
    "plot": "Squid Game",
    "thumb": "https:\/\/m.media-amazon.com\/images\/M\/MV5BMDcxYjg1OTctYmUxZi00ZjhjLWIwNTMtNmI2M2Y4OTU1YWU2XkEyXkFqcGc@._V1_FMjpg_UX1000_.jpg",
    "type": "serije",
    "created_at": "2025-06-01 14:30:31",
    "seasons": {
        "1": {
            "title": "Sezona 1",
            "episodes": [
                {
                    "episode_number": 1,
                    "title": "Epizoda 1",
                    "link_groups": {
                        "glavni": [
                            "https:\/\/www.file-upload.org\/brsyie0vf2lg"
                        ],
                        "alternativni_1": [
                            "https:\/\/listeamed.net\/e\/qM1VOPne2ZXxo4k\/S01E01.mkv"
                        ],
                        "alternativni_2": []
                    }
                },
                {
                    "episode_number": 2,
                    "title": "Epizoda 2",
                    "link_groups": {
                        "glavni": [
                            "https:\/\/www.file-upload.org\/w0y28rhb3cy4"
                        ],
                        "alternativni_1": [
                            "https:\/\/listeamed.net\/e\/l4vexvoglWGE8B9\/S01E02.mkv"
                        ],
                        "alternativni_2": []
                    }
                },
                {
                    "episode_number": 3,
                    "title": "Epizoda 3",
                    "link_groups": {
                        "glavni": [
                            "https:\/\/www.file-upload.org\/ha6so8wkc721"
                        ],
                        "alternativni_1": [
                            "https:\/\/listeamed.net\/e\/njJYOdqdMw65e9o\/S01E03.mkv"
                        ],
                        "alternativni_2": []
                    }
                },
                {
                    "episode_number": 4,
                    "title": "Epizoda 4",
                    "link_groups": {
                        "glavni": [
                            "https:\/\/www.file-upload.org\/siyo4u6munod"
                        ],
                        "alternativni_1": [
                            "https:\/\/listeamed.net\/e\/PlBVEZe1d4XxDv9\/S01E04.mkv"
                        ],
                        "alternativni_2": []
                    }
                },
                {
                    "episode_number": 5,
                    "title": "Epizoda 5",
                    "link_groups": {
                        "glavni": [
                            "https:\/\/www.file-upload.org\/05oolj8d153m"
                        ],
                        "alternativni_1": [
                            "https:\/\/listeamed.net\/e\/0DogOGJW4nKEKjM\/S01E05.mkv"
                        ],
                        "alternativni_2": []
                    }
                },
                {
                    "episode_number": 6,
                    "title": "Epizoda 6",
                    "link_groups": {
                        "glavni": [
                            "https:\/\/www.file-upload.org\/1po43z7mk9t2"
                        ],
                        "alternativni_1": [
                            "https:\/\/listeamed.net\/e\/YWA8E9Meq23EGmM\/S01E06.mkv"
                        ],
                        "alternativni_2": []
                    }
                },
                {
                    "episode_number": 7,
                    "title": "Epizoda 7",
                    "link_groups": {
                        "glavni": [
                            "https:\/\/www.file-upload.org\/kmqaecs0k1xp"
                        ],
                        "alternativni_1": [
                            "https:\/\/listeamed.net\/e\/0DogOGJW4nGEKjM\/S01E07.mkv"
                        ],
                        "alternativni_2": []
                    }
                },
                {
                    "episode_number": 8,
                    "title": "Epizoda 8",
                    "link_groups": {
                        "glavni": [
                            "https:\/\/www.file-upload.org\/bblwton6p43n"
                        ],
                        "alternativni_1": [
                            "https:\/\/listeamed.net\/e\/m7WJxgg1LQdxBze\/S01E08.mkv"
                        ],
                        "alternativni_2": []
                    }
                },
                {
                    "episode_number": 9,
                    "title": "Epizoda 9",
                    "link_groups": {
                        "glavni": [
                            "https:\/\/www.file-upload.org\/g8wahsmaaxpd"
                        ],
                        "alternativni_1": [
                            "https:\/\/listeamed.net\/e\/ZMVoErzbXDYE9Pa\/S01E09.mkv"
                        ],
                        "alternativni_2": []
                    }
                }
            ]
        },
        "2": {
            "title": "Sezona 2",
            "episodes": [
                {
                    "episode_number": 1,
                    "title": "Epizoda 1",
                    "link_groups": {
                        "glavni": [
                            "https:\/\/www.file-upload.org\/32v5k7scad3h"
                        ],
                        "alternativni_1": [
                            "https:\/\/listeamed.net\/e\/0DogOGJWQX0EKjM\/S02E01.mkv"
                        ],
                        "alternativni_2": []
                    }
                },
                {
                    "episode_number": 2,
                    "title": "Epizoda 2",
                    "link_groups": {
                        "glavni": [
                            "https:\/\/www.file-upload.org\/xz6i3a46rhtw"
                        ],
                        "alternativni_1": [
                            "https:\/\/listeamed.net\/e\/04rQxWoL6VVxb2N\/S02E02.mkv"
                        ],
                        "alternativni_2": []
                    }
                },
                {
                    "episode_number": 3,
                    "title": "Epizoda 3",
                    "link_groups": {
                        "glavni": [
                            "https:\/\/www.file-upload.org\/4y4gu5yx58ah"
                        ],
                        "alternativni_1": [
                            "https:\/\/listeamed.net\/e\/ZMVoErzb097E9Pa\/S02E03.mkv"
                        ],
                        "alternativni_2": []
                    }
                },
                {
                    "episode_number": 4,
                    "title": "Epizoda 4",
                    "link_groups": {
                        "glavni": [
                            "https:\/\/www.file-upload.org\/97x12gfjn7kx"
                        ],
                        "alternativni_1": [
                            "https:\/\/listeamed.net\/e\/VqbX53LBXroxQzp\/S02E04.mkv"
                        ],
                        "alternativni_2": []
                    }
                },
                {
                    "episode_number": 5,
                    "title": "Epizoda 5",
                    "link_groups": {
                        "glavni": [
                            "https:\/\/www.file-upload.org\/11zt12d45ff1"
                        ],
                        "alternativni_1": [
                            "https:\/\/listeamed.net\/e\/7QWN5emZe9l59oR\/S02E05.mkv"
                        ],
                        "alternativni_2": []
                    }
                },
                {
                    "episode_number": 6,
                    "title": "Epizoda 6",
                    "link_groups": {
                        "glavni": [
                            "https:\/\/www.file-upload.org\/0c9t2f5j23bp"
                        ],
                        "alternativni_1": [
                            "https:\/\/listeamed.net\/e\/QNB7xA6WmaXE0WG\/S02E06.mkv"
                        ],
                        "alternativni_2": []
                    }
                },
                {
                    "episode_number": 7,
                    "title": "Epizoda 7",
                    "link_groups": {
                        "glavni": [
                            "https:\/\/www.file-upload.org\/3lfojhvn2hqc"
                        ],
                        "alternativni_1": [
                            "https:\/\/listeamed.net\/e\/PlBVEZe1ZKgxDv9\/S02E07.mkv"
                        ],
                        "alternativni_2": []
                    }
                }
            ]
        },
        "3": {
            "title": "Sezona 3",
            "episodes": [
                {
                    "episode_number": 1,
                    "title": "Epizoda 1",
                    "link_groups": {
                        "glavni": [
                            "https:\/\/www.file-upload.org\/6avxyneaby3e"
                        ],
                        "alternativni_1": [
                            "https:\/\/listeamed.net\/e\/PKN4OwooXwbODLj\/S03E01.mkv"
                        ],
                        "alternativni_2": []
                    }
                },
                {
                    "episode_number": 2,
                    "title": "Epizoda 2",
                    "link_groups": {
                        "glavni": [
                            "https:\/\/www.file-upload.org\/tuxp0prt2ytd"
                        ],
                        "alternativni_1": [
                            "https:\/\/listeamed.net\/e\/JzkPxzXXdVrObyd\/S03E02.mkv"
                        ],
                        "alternativni_2": []
                    }
                },
                {
                    "episode_number": 3,
                    "title": "Epizoda 3",
                    "link_groups": {
                        "glavni": [
                            "https:\/\/www.file-upload.org\/rtpa826xycfz"
                        ],
                        "alternativni_1": [
                            "https:\/\/listeamed.net\/e\/qM1VOPnjNZJxo4k\/S03E03.mkv"
                        ],
                        "alternativni_2": []
                    }
                },
                {
                    "episode_number": 4,
                    "title": "Epizoda 4",
                    "link_groups": {
                        "glavni": [
                            "https:\/\/www.file-upload.org\/uampxvc06yhv"
                        ],
                        "alternativni_1": [
                            "https:\/\/listeamed.net\/e\/PlBVEZeeaY0xDv9\/S03E04.mkv"
                        ],
                        "alternativni_2": []
                    }
                },
                {
                    "episode_number": 5,
                    "title": "Epizoda 5",
                    "link_groups": {
                        "glavni": [
                            "https:\/\/www.file-upload.org\/ca6ktpe9cdos"
                        ],
                        "alternativni_1": [
                            "https:\/\/listeamed.net\/e\/njJYOdqqyRY5e9o\/S03E05.mkv"
                        ],
                        "alternativni_2": []
                    }
                },
                {
                    "episode_number": 6,
                    "title": "Epizoda 6",
                    "link_groups": {
                        "glavni": [
                            "https:\/\/www.file-upload.org\/6dylh3onwrln"
                        ],
                        "alternativni_1": [
                            "https:\/\/listeamed.net\/e\/KrdZ5kggXzZ5mX4\/S03E06.mkv"
                        ],
                        "alternativni_2": []
                    }
                }
            ]
        }
    },
    "last_updated": "2025-07-25 23:04:41",
    "year": 2021
}