{
    "title": "Profit",
    "plot": "Profit",
    "thumb": "https:\/\/m.media-amazon.com\/images\/M\/MV5BMWU2NjgxMTgtMGYzOC00MjA5LTllNWEtOTY0MWU2NThmMzEwXkEyXkFqcGc@._V1_FMjpg_UX1000_.jpg",
    "type": "serije",
    "created_at": "2025-10-26 17:51:09",
    "year": 1996,
    "seasons": {
        "1": {
            "title": "Sezona 1",
            "episodes": [
                {
                    "episode_number": 1,
                    "title": "Epizoda 1",
                    "link_groups": {
                        "glavni": [
                            "https:\/\/www.file-upload.org\/vcefcindqd21"
                        ],
                        "alternativni_1": [
                            "https:\/\/listeamed.net\/e\/6zeREa1L2qREZPa\/S01E01.mkv"
                        ],
                        "alternativni_2": [
                            "https:\/\/srbe84.vidplayer.live\/#dmqqs"
                        ]
                    }
                },
                {
                    "episode_number": 2,
                    "title": "Epizoda 2",
                    "link_groups": {
                        "glavni": [
                            "https:\/\/www.file-upload.org\/6ga70bpwbgto"
                        ],
                        "alternativni_1": [
                            "https:\/\/listeamed.net\/e\/Ro7kOVDjG8WxZWB\/S01E02.mkv"
                        ],
                        "alternativni_2": [
                            "https:\/\/srbe84.vidplayer.live\/#pnjj5"
                        ]
                    }
                },
                {
                    "episode_number": 3,
                    "title": "Epizoda 3",
                    "link_groups": {
                        "glavni": [
                            "https:\/\/www.file-upload.org\/pf997pd3wpvv"
                        ],
                        "alternativni_1": [
                            "https:\/\/listeamed.net\/e\/QNB7xA6GA74E0WG\/S01E03.mkv"
                        ],
                        "alternativni_2": [
                            "https:\/\/srbe84.vidplayer.live\/#hdbb6"
                        ]
                    }
                },
                {
                    "episode_number": 4,
                    "title": "Epizoda 4",
                    "link_groups": {
                        "glavni": [
                            "https:\/\/www.file-upload.org\/apktndx4llof"
                        ],
                        "alternativni_1": [
                            "https:\/\/listeamed.net\/e\/rabVOQL0BnGEKdW\/S01E04.mkv"
                        ],
                        "alternativni_2": [
                            "https:\/\/srbe84.vidplayer.live\/#51uun"
                        ]
                    }
                },
                {
                    "episode_number": 5,
                    "title": "Epizoda 5",
                    "link_groups": {
                        "glavni": [
                            "https:\/\/www.file-upload.org\/mo8dsn1z5ni8"
                        ],
                        "alternativni_1": [
                            "https:\/\/listeamed.net\/e\/njJYOdqvJW65e9o\/S01E05.mkv"
                        ],
                        "alternativni_2": [
                            "https:\/\/srbe84.vidplayer.live\/#f3ddx"
                        ]
                    }
                },
                {
                    "episode_number": 6,
                    "title": "Epizoda 6",
                    "link_groups": {
                        "glavni": [
                            "https:\/\/www.file-upload.org\/yupondzht1y7"
                        ],
                        "alternativni_1": [
                            "https:\/\/listeamed.net\/e\/PlBVEZe3L8XxDv9\/S01E06.mkv"
                        ],
                        "alternativni_2": [
                            "https:\/\/srbe84.vidplayer.live\/#i5llx"
                        ]
                    }
                },
                {
                    "episode_number": 7,
                    "title": "Epizoda 7",
                    "link_groups": {
                        "glavni": [
                            "https:\/\/www.file-upload.org\/h91rti91bzkc"
                        ],
                        "alternativni_1": [
                            "https:\/\/listeamed.net\/e\/4bQVOjRa6V9OwKm\/S01E07.mkv"
                        ],
                        "alternativni_2": [
                            "https:\/\/srbe84.vidplayer.live\/#luvvw"
                        ]
                    }
                },
                {
                    "episode_number": 8,
                    "title": "Epizoda 8",
                    "link_groups": {
                        "glavni": [
                            "https:\/\/www.file-upload.org\/rc2z18hteab1"
                        ],
                        "alternativni_1": [
                            "https:\/\/listeamed.net\/e\/3Q0lxBmMA7G5j1J\/S01E08.mkv"
                        ],
                        "alternativni_2": [
                            "https:\/\/srbe84.vidplayer.live\/#mcssv"
                        ]
                    }
                }
            ]
        }
    }
}