{
    "title": "Project Blue Book",
    "plot": "Project Blue Book",
    "thumb": "https:\/\/m.media-amazon.com\/images\/M\/MV5BYWEwY2NjMWMtNzg2Zi00NTZlLTk1YzItNGZjZDk1ZGViNzU2XkEyXkFqcGc@._V1_.jpg",
    "type": "serije",
    "created_at": "2025-08-19 09:53:07",
    "year": 2019,
    "seasons": {
        "1": {
            "title": "Sezona 1",
            "episodes": [
                {
                    "episode_number": 1,
                    "title": "Epizoda 1",
                    "link_groups": {
                        "glavni": [
                            "https:\/\/www.file-upload.org\/mwtzz3bjunob"
                        ],
                        "alternativni_1": [
                            "https:\/\/listeamed.net\/e\/qM1VOPnBjNGxo4k\/S01E01.mkv"
                        ],
                        "alternativni_2": []
                    }
                },
                {
                    "episode_number": 2,
                    "title": "Epizoda 2",
                    "link_groups": {
                        "glavni": [
                            "https:\/\/www.file-upload.org\/x1huamvb4cwl"
                        ],
                        "alternativni_1": [
                            "https:\/\/listeamed.net\/e\/mMq75LDdX875XPB\/S01E02.mkv"
                        ],
                        "alternativni_2": []
                    }
                },
                {
                    "episode_number": 3,
                    "title": "Epizoda 3",
                    "link_groups": {
                        "glavni": [
                            "https:\/\/www.file-upload.org\/t9m7wu0w7o6k"
                        ],
                        "alternativni_1": [
                            "https:\/\/listeamed.net\/e\/0DogOGJw6M0EKjM\/S01E03.mkv"
                        ],
                        "alternativni_2": []
                    }
                },
                {
                    "episode_number": 4,
                    "title": "Epizoda 4",
                    "link_groups": {
                        "glavni": [
                            "https:\/\/www.file-upload.org\/atnnt11k9tta"
                        ],
                        "alternativni_1": [
                            "https:\/\/listeamed.net\/e\/7QWN5emVryW59oR\/S01E04.mkv"
                        ],
                        "alternativni_2": []
                    }
                },
                {
                    "episode_number": 5,
                    "title": "Epizoda 5",
                    "link_groups": {
                        "glavni": [
                            "https:\/\/www.file-upload.org\/v59adjon9vrn"
                        ],
                        "alternativni_1": [
                            "https:\/\/listeamed.net\/e\/P0poO1mNG0POz17\/S01E05.mkv"
                        ],
                        "alternativni_2": []
                    }
                },
                {
                    "episode_number": 6,
                    "title": "Epizoda 6",
                    "link_groups": {
                        "glavni": [
                            "https:\/\/www.file-upload.org\/2p7qj8dxq8i8"
                        ],
                        "alternativni_1": [
                            "https:\/\/listeamed.net\/e\/ZMVoErzya87E9Pa\/S01E06.mkv"
                        ],
                        "alternativni_2": []
                    }
                },
                {
                    "episode_number": 7,
                    "title": "Epizoda 7",
                    "link_groups": {
                        "glavni": [
                            "https:\/\/www.file-upload.org\/e1ck9e5g0edt"
                        ],
                        "alternativni_1": [
                            "https:\/\/listeamed.net\/e\/qA3WOmVyvGg5Kkz\/S01E07.mkv"
                        ],
                        "alternativni_2": []
                    }
                },
                {
                    "episode_number": 8,
                    "title": "Epizoda 8",
                    "link_groups": {
                        "glavni": [
                            "https:\/\/www.file-upload.org\/rsz3z266dyrb"
                        ],
                        "alternativni_1": [
                            "https:\/\/listeamed.net\/e\/4bQVOjRlm74OwKm\/S01E08.mkv"
                        ],
                        "alternativni_2": []
                    }
                },
                {
                    "episode_number": 9,
                    "title": "Epizoda 9",
                    "link_groups": {
                        "glavni": [
                            "https:\/\/www.file-upload.org\/ituedvodr3ic"
                        ],
                        "alternativni_1": [
                            "https:\/\/listeamed.net\/e\/NMRLEpoyvrlxXaG\/S01E09.mkv"
                        ],
                        "alternativni_2": []
                    }
                },
                {
                    "episode_number": 10,
                    "title": "Epizoda 10",
                    "link_groups": {
                        "glavni": [
                            "https:\/\/www.file-upload.org\/0gys4sxzmi0i"
                        ],
                        "alternativni_1": [
                            "https:\/\/listeamed.net\/e\/VqbX53LNGgoxQzp\/S01E10.mkv"
                        ],
                        "alternativni_2": []
                    }
                }
            ]
        }
    },
    "last_updated": "2025-08-19 13:24:23"
}