{
    "title": "Jack Hunter and the Lost Treasure of Ugarit",
    "plot": "Jack Hunter and the Lost Treasure of Ugarit",
    "thumb": "https:\/\/m.media-amazon.com\/images\/M\/MV5BZWMyNTFkNWItZGY2Yi00NTRlLWJkM2MtOWQ1YzIwMGU0ZWUzXkEyXkFqcGc@._V1_FMjpg_UX1000_.jpg",
    "type": "serije",
    "created_at": "2025-11-12 21:37:50",
    "year": 2008,
    "seasons": {
        "1": {
            "title": "Sezona 1",
            "episodes": [
                {
                    "episode_number": 1,
                    "title": "Epizoda 1",
                    "link_groups": {
                        "glavni": [
                            "https:\/\/www.file-upload.org\/gkn31w5acmqm"
                        ],
                        "alternativni_1": [
                            "https:\/\/listeamed.net\/e\/04rQxWon17dxb2N\/S01E01.mkv"
                        ],
                        "alternativni_2": [
                            "https:\/\/srbe84.vidplayer.live\/#8d6j6"
                        ]
                    }
                },
                {
                    "episode_number": 2,
                    "title": "Epizoda 2",
                    "link_groups": {
                        "glavni": [
                            "https:\/\/www.file-upload.org\/ztwrrol8viq2"
                        ],
                        "alternativni_1": [
                            "https:\/\/listeamed.net\/e\/k3gG5qoVZNoE1N2\/S01E02.mkv"
                        ],
                        "alternativni_2": [
                            "https:\/\/srbe84.vidplayer.live\/#f8pnk"
                        ]
                    }
                },
                {
                    "episode_number": 3,
                    "title": "Epizoda 3",
                    "link_groups": {
                        "glavni": [
                            "https:\/\/www.file-upload.org\/exoadixv11s1"
                        ],
                        "alternativni_1": [
                            "https:\/\/listeamed.net\/e\/8lKQxYpnr7V5DGY\/S01E03.mkv"
                        ],
                        "alternativni_2": [
                            "https:\/\/srbe84.vidplayer.live\/#cyria"
                        ]
                    }
                }
            ]
        }
    },
    "last_updated": "2025-11-13 07:07:58"
}