{
    "title": "Mr Selfridge",
    "plot": "Mr Selfridge",
    "thumb": "https:\/\/m.media-amazon.com\/images\/M\/MV5BMTAwMzdhMWMtN2M1OS00Yzg3LWI0Y2YtOTMxODc5NjdhYjg4XkEyXkFqcGc@._V1_FMjpg_UX1000_.jpg",
    "type": "serije",
    "created_at": "2025-09-19 07:20:36",
    "year": 2013,
    "seasons": {
        "1": {
            "title": "Sezona 1",
            "episodes": [
                {
                    "episode_number": 1,
                    "title": "Epizoda 1",
                    "link_groups": {
                        "glavni": [
                            "https:\/\/www.file-upload.org\/9di8d3o4w47c"
                        ],
                        "alternativni_1": [
                            "https:\/\/listeamed.net\/e\/wP2050PGpM25dmy\/S01E01.mp4"
                        ],
                        "alternativni_2": []
                    }
                },
                {
                    "episode_number": 2,
                    "title": "Epizoda 2",
                    "link_groups": {
                        "glavni": [
                            "https:\/\/www.file-upload.org\/a2kh7sgdqhp5"
                        ],
                        "alternativni_1": [
                            "https:\/\/listeamed.net\/e\/YWA8E9MRXlqEGmM\/S01E02.mp4"
                        ],
                        "alternativni_2": []
                    }
                },
                {
                    "episode_number": 3,
                    "title": "Epizoda 3",
                    "link_groups": {
                        "glavni": [
                            "https:\/\/www.file-upload.org\/63ljj8foe78x"
                        ],
                        "alternativni_1": [
                            "https:\/\/listeamed.net\/e\/PlBVEZeXlPaxDv9\/S01E03.mp4"
                        ],
                        "alternativni_2": []
                    }
                },
                {
                    "episode_number": 4,
                    "title": "Epizoda 4",
                    "link_groups": {
                        "glavni": [
                            "https:\/\/www.file-upload.org\/0tbnu8rntyb1"
                        ],
                        "alternativni_1": [
                            "https:\/\/listeamed.net\/e\/P0poO1mMveDOz17\/S01E04.mp4"
                        ],
                        "alternativni_2": []
                    }
                },
                {
                    "episode_number": 5,
                    "title": "Epizoda 5",
                    "link_groups": {
                        "glavni": [
                            "https:\/\/www.file-upload.org\/vci3ifbg2cq6"
                        ],
                        "alternativni_1": [
                            "https:\/\/listeamed.net\/e\/JzkPxzXPQvMObyd\/S01E05.mp4"
                        ],
                        "alternativni_2": []
                    }
                },
                {
                    "episode_number": 6,
                    "title": "Epizoda 6",
                    "link_groups": {
                        "glavni": [
                            "https:\/\/www.file-upload.org\/aao34y349p3k"
                        ],
                        "alternativni_1": [
                            "https:\/\/listeamed.net\/e\/qA3WOmVmR145Kkz\/S01E06.mp4"
                        ],
                        "alternativni_2": []
                    }
                },
                {
                    "episode_number": 7,
                    "title": "Epizoda 7",
                    "link_groups": {
                        "glavni": [
                            "https:\/\/www.file-upload.org\/nsctc29dhpib"
                        ],
                        "alternativni_1": [
                            "https:\/\/listeamed.net\/e\/MAlwEMRQp0lOJ39\/S01E07.mp4"
                        ],
                        "alternativni_2": []
                    }
                },
                {
                    "episode_number": 8,
                    "title": "Epizoda 8",
                    "link_groups": {
                        "glavni": [
                            "https:\/\/www.file-upload.org\/7zjq0l311p9y"
                        ],
                        "alternativni_1": [
                            "https:\/\/listeamed.net\/e\/4bQVOjRBpqdOwKm\/S01E08.mp4"
                        ],
                        "alternativni_2": []
                    }
                },
                {
                    "episode_number": 9,
                    "title": "Epizoda 9",
                    "link_groups": {
                        "glavni": [
                            "https:\/\/www.file-upload.org\/782e99qmkw7h"
                        ],
                        "alternativni_1": [
                            "https:\/\/listeamed.net\/e\/ZMVoErzeJLeE9Pa\/S01E09.mp4"
                        ],
                        "alternativni_2": []
                    }
                },
                {
                    "episode_number": 10,
                    "title": "Epizoda 10",
                    "link_groups": {
                        "glavni": [
                            "https:\/\/www.file-upload.org\/aafnom2tavrt"
                        ],
                        "alternativni_1": [
                            "https:\/\/listeamed.net\/e\/8ozgENXqJyv5mjA\/S01E10.mp4"
                        ],
                        "alternativni_2": []
                    }
                }
            ]
        }
    }
}